,scaled_input_default,scaled_input_account_check_status,scaled_input_duration_in_month,scaled_input_credit_history,scaled_input_purpose,scaled_input_credit_amount,scaled_input_savings,scaled_input_present_emp_since,scaled_input_installment_as_income_perc,scaled_input_personal_status_sex,scaled_input_other_debtors,scaled_input_present_res_since,scaled_input_property,scaled_input_age,scaled_input_other_installment_plans,scaled_input_housing,scaled_input_credits_this_bank,scaled_input_job,scaled_input_people_under_maintenance,scaled_input_telephone,scaled_input_foreign_worker,origin_input_default,origin_input_account_check_status,origin_input_duration_in_month,origin_input_credit_history,origin_input_purpose,origin_input_credit_amount,origin_input_savings,origin_input_present_emp_since,origin_input_installment_as_income_perc,origin_input_personal_status_sex,origin_input_other_debtors,origin_input_present_res_since,origin_input_property,origin_input_age,origin_input_other_installment_plans,origin_input_housing,origin_input_credits_this_bank,origin_input_job,origin_input_people_under_maintenance,origin_input_telephone,origin_input_foreign_worker,running_time,Found,ground_truth,prediction
0,Y,< 0 DM,0.47058823704719543,delay in paying off in the past,(vacation - does not exist?),0.3651920258998871,... < 100 DM,1 <= ... < 4 years,1.0,male : single,none,0.6666666865348816,if not A121 : building society savings agreement/ life insurance,0.1785714328289032,stores,own,0.0,skilled employee / official,0.0,"yes, registered under the customers name ",yes,Y,< 0 DM,36.00000011920929,delay in paying off in the past,(vacation - does not exist?),6886.999878704548,... < 100 DM,1 <= ... < 4 years,4.0,male : single,none,3.0000000596046448,if not A121 : building society savings agreement/ life insurance,29.000000238418576,stores,own,1.0,skilled employee / official,1.0,"yes, registered under the customers name ",yes,0.7508602142333984,N,Y,Y
0,Y,< 0 DM,0.11764705926179886,existing credits paid back duly till now,retraining,0.03587542474269867,... < 100 DM,4 <= ... < 7 years,1.0,male : married/widowed,none,1.0,if not A121 : building society savings agreement/ life insurance,0.0357142873108387,none,rent,0.0,skilled employee / official,0.0,none,yes,Y,< 0 DM,12.000000029802324,existing credits paid back duly till now,retraining,901.9999692738056,... < 100 DM,4 <= ... < 7 years,4.0,male : married/widowed,none,4.0,if not A121 : building society savings agreement/ life insurance,21.000000089406967,none,rent,1.0,skilled employee / official,1.0,none,yes,0.785517692565918,N,Y,Y
0,N,0 <= ... < 200 DM,0.29411765933036804,delay in paying off in the past,radio/television,0.11461428552865982,unknown/ no savings account,... < 1 year ,1.0,male : single,none,0.3333333432674408,if not A121 : building society savings agreement/ life insurance,0.1785714328289032,bank,own,0.0,unskilled - resident,0.0,none,yes,N,0 <= ... < 200 DM,24.000000834465027,delay in paying off in the past,radio/television,2333.0000251978636,unknown/ no savings account,... < 1 year ,4.0,male : single,none,2.0000000298023224,if not A121 : building society savings agreement/ life insurance,29.000000238418576,bank,own,1.0,unskilled - resident,1.0,none,yes,0.7765729427337646,N,N,N
0,Y,< 0 DM,0.20588235557079315,existing credits paid back duly till now,radio/television,0.09843733161687851,... < 100 DM,1 <= ... < 4 years,0.0,female : divorced/separated/married,none,1.0,real estate,0.01785714365541935,bank,rent,0.0,skilled employee / official,0.0,none,yes,Y,< 0 DM,18.000000178813934,existing credits paid back duly till now,radio/television,2039.00006480515,... < 100 DM,1 <= ... < 4 years,1.0,female : divorced/separated/married,none,4.0,real estate,20.000000044703484,bank,rent,1.0,skilled employee / official,1.0,none,yes,0.7357492446899414,N,Y,Y
0,N,0 <= ... < 200 DM,0.1617647111415863,critical account/ other credits existing (not at this bank),domestic appliances,0.1363486349582672,unknown/ no savings account,4 <= ... < 7 years,1.0,male : single,guarantor,0.3333333432674408,real estate,0.2857142984867096,bank,own,0.6666666865348816,skilled employee / official,0.0,"yes, registered under the customers name ",yes,N,0 <= ... < 200 DM,15.00000035762787,critical account/ other credits existing (not at this bank),domestic appliances,2728.0000917315483,unknown/ no savings account,4 <= ... < 7 years,4.0,male : single,guarantor,2.0000000298023224,real estate,35.00000071525574,bank,own,3.0000000596046448,skilled employee / official,1.0,"yes, registered under the customers name ",yes,0.7357869148254395,N,N,Y
