,scaled_input_age,scaled_input_workclass,scaled_input_education,scaled_input_marital-status,scaled_input_occupation,scaled_input_relationship,scaled_input_race,scaled_input_sex,scaled_input_capital-gain,scaled_input_capital-loss,scaled_input_hours-per-week,scaled_input_native-country,scaled_input_class,origin_input_age,origin_input_workclass,origin_input_education,origin_input_marital-status,origin_input_occupation,origin_input_relationship,origin_input_race,origin_input_sex,origin_input_capital-gain,origin_input_capital-loss,origin_input_hours-per-week,origin_input_native-country,origin_input_class,scaled_cf_age,scaled_cf_workclass,scaled_cf_education,scaled_cf_marital-status,scaled_cf_occupation,scaled_cf_relationship,scaled_cf_race,scaled_cf_sex,scaled_cf_capital-gain,scaled_cf_capital-loss,scaled_cf_hours-per-week,scaled_cf_native-country,scaled_cf_class,origin_cf_age,origin_cf_workclass,origin_cf_education,origin_cf_marital-status,origin_cf_occupation,origin_cf_relationship,origin_cf_race,origin_cf_sex,origin_cf_capital-gain,origin_cf_capital-loss,origin_cf_hours-per-week,origin_cf_native-country,origin_cf_class,running_time,Found,ground_truth,prediction
0,0.5205479264259338,State-gov,Bachelors,Married-civ-spouse,Prof-specialty,Husband,White,Male,0.0,0.0,0.1428571492433548,United-States,<=50K,54.99999862909318,State-gov,Bachelors,Married-civ-spouse,Prof-specialty,Husband,White,Male,0.0,0.0,15.000000625848772,United-States,<=50K,0.5205479264259338,State-gov,Bachelors,Married-civ-spouse,Prof-specialty,Husband,White,Male,0.0,0.3,0.76950266,United-States,>50K,54.99999862909318,State-gov,Bachelors,Married-civ-spouse,Prof-specialty,Husband,White,Male,0.0,1306.8,76.41126068000001,United-States,>50K,0.20240306854248047,Y,<=50K,<=50K
0,0.6575342416763306,Private,Bachelors,Married-civ-spouse,Transport-moving,Husband,White,Male,0.0,0.0,0.19387754797935486,United-States,<=50K,64.99999964237213,Private,Bachelors,Married-civ-spouse,Transport-moving,Husband,White,Male,0.0,0.0,19.99999970197678,United-States,<=50K,0.6575342416763306,Private,Bachelors,Married-civ-spouse,Transport-moving,Husband,White,Male,0.0,0.0,0.5119155,United-States,>50K,64.99999964237213,Private,Bachelors,Married-civ-spouse,Transport-moving,Husband,White,Male,0.0,0.0,51.167719000000005,United-States,>50K,0.18090486526489258,Y,<=50K,<=50K
0,0.16438356041908264,Private,HS-grad,Never-married,Craft-repair,Not-in-family,White,Male,0.0,0.0,0.3979591727256775,Guatemala,<=50K,28.999999910593033,Private,HS-grad,Never-married,Craft-repair,Not-in-family,White,Male,0.0,0.0,39.9999989271164,Guatemala,<=50K,0.16438356041908264,Local-gov,HS-grad,Never-married,Craft-repair,Not-in-family,White,Male,0.9,0.0,0.3979591727256775,Guatemala,>50K,28.999999910593033,Local-gov,HS-grad,Never-married,Craft-repair,Not-in-family,White,Male,89999.1,0.0,39.9999989271164,Guatemala,>50K,0.19415998458862305,Y,<=50K,<=50K
0,0.4931506812572479,State-gov,Doctorate,Married-civ-spouse,Prof-specialty,Husband,White,Male,0.0,0.0,0.3979591727256775,United-States,>50K,52.999999731779106,State-gov,Doctorate,Married-civ-spouse,Prof-specialty,Husband,White,Male,0.0,0.0,39.9999989271164,United-States,>50K,0.4931506812572479,State-gov,9th,Married-civ-spouse,Prof-specialty,Husband,Other,Male,0.0,0.0,0.3979591727256775,United-States,<=50K,52.999999731779106,State-gov,9th,Married-civ-spouse,Prof-specialty,Husband,Other,Male,0.0,0.0,39.9999989271164,United-States,<=50K,0.18824386596679688,Y,>50K,>50K
0,0.2054794579744339,Private,Bachelors,Never-married,Adm-clerical,Not-in-family,Asian-Pac-Islander,Male,0.0,0.0,0.3979591727256775,United-States,<=50K,32.000000432133675,Private,Bachelors,Never-married,Adm-clerical,Not-in-family,Asian-Pac-Islander,Male,0.0,0.0,39.9999989271164,United-States,<=50K,0.2054794579744339,Private,Bachelors,Never-married,Adm-clerical,Not-in-family,Asian-Pac-Islander,Male,0.5,0.0,0.3979591727256775,United-States,>50K,32.000000432133675,Private,Bachelors,Never-married,Adm-clerical,Not-in-family,Asian-Pac-Islander,Male,49999.5,0.0,39.9999989271164,United-States,>50K,0.17564010620117188,Y,<=50K,<=50K
