,scaled_input_age,scaled_input_priors_count,scaled_input_days_b_screening_arrest,scaled_input_is_recid,scaled_input_is_violent_recid,scaled_input_two_year_recid,scaled_input_length_of_stay,scaled_input_age_cat,scaled_input_sex,scaled_input_race,scaled_input_c_charge_degree,scaled_input_class,origin_input_age,origin_input_priors_count,origin_input_days_b_screening_arrest,origin_input_is_recid,origin_input_is_violent_recid,origin_input_two_year_recid,origin_input_length_of_stay,origin_input_age_cat,origin_input_sex,origin_input_race,origin_input_c_charge_degree,origin_input_class,running_time,Found,ground_truth,prediction,scaled_cf_age,scaled_cf_priors_count,scaled_cf_days_b_screening_arrest,scaled_cf_is_recid,scaled_cf_is_violent_recid,scaled_cf_two_year_recid,scaled_cf_length_of_stay,scaled_cf_age_cat,scaled_cf_sex,scaled_cf_race,scaled_cf_c_charge_degree,scaled_cf_class,origin_cf_age,origin_cf_priors_count,origin_cf_days_b_screening_arrest,origin_cf_is_recid,origin_cf_is_violent_recid,origin_cf_two_year_recid,origin_cf_length_of_stay,origin_cf_age_cat,origin_cf_sex,origin_cf_race,origin_cf_c_charge_degree,origin_cf_class
0,0.12820512820512822,0.02631578947368421,0.0,0.0,0.0,0.0,0.0,25 - 45,Female,Other,F,Medium-Low,28.0,1.0,0.0,0.0,0.0,0.0,0.0,25 - 45,Female,Other,F,Medium-Low,7.325528144836426,N,Medium-Low,Medium-Low,,,,,,,,,,,,,,,,,,,,,,,,
0,0.051282051282051294,0.15789473684210525,0.15894039735099338,1.0,0.0,1.0,0.07759699624530664,Less than 25,Male,Caucasian,F,High,22.0,6.0,168.0,1.0,0.0,1.0,62.0,Less than 25,Male,Caucasian,F,High,5.963155031204224,Y,High,High,0.0,0.0,0.0,1.0,0.0,1.0,0.0,25 - 45,Female,African-American,F,High,18.0,0.0,0.0,1.0,0.0,1.0,0.0,25 - 45,Female,African-American,F,High
0,0.33333333333333337,0.0,0.000946073793755913,0.0,0.0,0.0,0.0025031289111389237,25 - 45,Male,African-American,M,Medium-Low,44.0,0.0,1.0,0.0,0.0,0.0,2.0,25 - 45,Male,African-American,M,Medium-Low,7.585850954055786,N,Medium-Low,Medium-Low,,,,,,,,,,,,,,,,,,,,,,,,
0,0.14102564102564105,0.0,0.0,0.0,0.0,0.0,0.0,25 - 45,Male,African-American,M,Medium-Low,29.000000000000004,0.0,0.0,0.0,0.0,0.0,0.0,25 - 45,Male,African-American,M,Medium-Low,7.687782287597656,N,Medium-Low,Medium-Low,,,,,,,,,,,,,,,,,,,,,,,,
0,0.14102564102564105,0.0,0.0,0.0,0.0,0.0,0.0,25 - 45,Male,African-American,F,Medium-Low,29.000000000000004,0.0,0.0,0.0,0.0,0.0,0.0,25 - 45,Male,African-American,F,Medium-Low,7.050586938858032,N,Medium-Low,Medium-Low,,,,,,,,,,,,,,,,,,,,,,,,
