,scaled_input_age,scaled_input_age_cat,scaled_input_sex,scaled_input_race,scaled_input_priors_count,scaled_input_days_b_screening_arrest,scaled_input_c_charge_degree,scaled_input_is_recid,scaled_input_is_violent_recid,scaled_input_two_year_recid,scaled_input_length_of_stay,scaled_input_class,origin_input_age,origin_input_age_cat,origin_input_sex,origin_input_race,origin_input_priors_count,origin_input_days_b_screening_arrest,origin_input_c_charge_degree,origin_input_is_recid,origin_input_is_violent_recid,origin_input_two_year_recid,origin_input_length_of_stay,origin_input_class,scaled_cf_age,scaled_cf_age_cat,scaled_cf_sex,scaled_cf_race,scaled_cf_priors_count,scaled_cf_days_b_screening_arrest,scaled_cf_c_charge_degree,scaled_cf_is_recid,scaled_cf_is_violent_recid,scaled_cf_two_year_recid,scaled_cf_length_of_stay,scaled_cf_class,origin_cf_age,origin_cf_age_cat,origin_cf_sex,origin_cf_race,origin_cf_priors_count,origin_cf_days_b_screening_arrest,origin_cf_c_charge_degree,origin_cf_is_recid,origin_cf_is_violent_recid,origin_cf_two_year_recid,origin_cf_length_of_stay,origin_cf_class,running_time,Found,ground_truth,prediction
0,0.12820513546466827,25 - 45,Female,Other,0.02631578966975212,0.0,F,0.0,0.0,0.0,0.0,Medium-Low,28.000000566244122,25 - 45,Female,Other,1.0000000074505806,0.0,F,0.0,0.0,0.0,0.0,Medium-Low,0.12820513546466827,25 - 45,Female,Other,0.02631578966975212,0.0,F,0.0,1.1,0.0,0.4,High,28.000000566244122,25 - 45,Female,Other,1.0000000074505806,0.0,F,0.0,1.1,0.0,319.6,High,0.06453800201416016,Y,Medium-Low,Medium-Low
0,0.05128205195069313,Less than 25,Male,Caucasian,0.15789473056793213,0.1589404046535492,F,1.0,0.0,1.0,0.0775969997048378,High,22.00000005215406,Less than 25,Male,Caucasian,5.999999761581421,168.0000077188015,F,1.0,0.0,1.0,62.0000027641654,High,0.05128205195069313,Greater than 45,Male,Caucasian,0.15789473056793213,0.1589404046535492,F,0.0,0.0,1.0,0.0775969997048378,Medium-Low,22.00000005215406,Greater than 45,Male,Caucasian,5.999999761581421,168.0000077188015,F,0.0,0.0,1.0,62.0000027641654,Medium-Low,0.0515289306640625,Y,High,High
0,0.3333333432674408,25 - 45,Male,African-American,0.0,0.0009460737928748131,M,0.0,0.0,0.0,0.00250312895514071,Medium-Low,44.00000077486038,25 - 45,Male,African-American,0.0,0.9999999990686774,M,0.0,0.0,0.0,2.000000035157427,Medium-Low,0.3333333432674408,25 - 45,Male,African-American,0.7,0.0009460737928748131,M,0.0,0.0,0.9,0.00250312895514071,High,44.00000077486038,25 - 45,Male,African-American,26.6,0.9999999990686774,M,0.0,0.0,0.9,2.000000035157427,High,0.05285930633544922,Y,Medium-Low,Medium-Low
0,0.14102564752101898,25 - 45,Male,African-American,0.0,0.0,M,0.0,0.0,0.0,0.0,Medium-Low,29.000000506639477,25 - 45,Male,African-American,0.0,0.0,M,0.0,0.0,0.0,0.0,Medium-Low,0.14102564752101898,25 - 45,Male,African-American,0.4,0.0,M,0.0,0.0,0.0,0.0,High,29.000000506639477,25 - 45,Male,African-American,15.200000000000001,0.0,M,0.0,0.0,0.0,0.0,High,0.05771613121032715,Y,Medium-Low,Medium-Low
0,0.14102564752101898,25 - 45,Male,African-American,0.0,0.0,F,0.0,0.0,0.0,0.0,Medium-Low,29.000000506639477,25 - 45,Male,African-American,0.0,0.0,F,0.0,0.0,0.0,0.0,Medium-Low,0.14102564752101898,25 - 45,Male,African-American,0.0,0.0,F,0.0,0.0,0.0,1.0,High,29.000000506639477,25 - 45,Male,African-American,0.0,0.0,F,0.0,0.0,0.0,799.0,High,0.054223060607910156,Y,Medium-Low,Medium-Low
