3.716636466036533637e-01,4.294893473114642646e-01,3.627827571489543601e-01,2.317858062301553501e-01,3.425115103367337710e-01,2.539445893899864304e-01,1.259372071227741197e-01,1.621769383697813094e-01,2.989855846235984771e-01,2.782224094355518762e-01,3.400325909831612009e-02,2.951646067788366024e-02,2.765867219525986603e-02,2.377296889416844958e-02,5.360845769453036203e-02,8.262078133969846805e-02,4.479797979797980195e-02,1.138283765864747110e-01,5.400461529802443039e-02,5.804762102179290839e-02,3.333820627147138782e-01,4.267057569296376363e-01,3.015098368156168274e-01,1.859616911472806722e-01,3.891567060688106428e-01,2.935937363564922187e-01,3.102564102564102644e-01,4.213058419243986275e-01,3.173664498324463290e-01,2.799422799422799923e-01
3.295460110681227572e-01,3.402096719648290968e-01,3.311993171148100989e-01,2.025658628679310180e-01,4.052541301796516171e-01,2.815877748788669921e-01,2.199625117150889875e-01,2.902087475149105478e-01,3.801388147357182001e-01,2.935973041280537377e-01,6.445772225239904119e-02,3.291914479648013203e-01,7.628516232389390139e-02,3.744504088547211118e-02,2.138899275928884403e-01,1.959241018823458247e-01,8.386363636363636243e-02,2.697480583443834234e-01,9.481060392863173425e-02,1.228942968091427945e-01,2.796579197427087604e-01,5.021321961620469621e-01,2.796502465558435846e-01,1.495633187772925643e-01,4.750049527834643848e-01,2.671071397386267643e-01,2.729914529914530541e-01,5.378006872852233444e-01,2.272816873644786240e-01,2.524596615505707020e-01
5.753954650080806976e-01,3.080825160635778381e-01,5.703514013373167657e-01,4.276152063846219153e-01,5.079895278505009992e-01,3.769412349360169445e-01,5.285848172446110382e-01,5.934393638170973873e-01,3.502402562733583080e-01,2.356781802864362785e-01,1.645482527611804857e-01,2.312454398726481175e-01,1.354191207652075957e-01,1.138181315582052766e-01,1.215283679505048120e-01,1.912408979665830844e-01,1.074747474747474729e-01,2.227694639136199861e-01,1.306917318624415958e-01,8.002017605682461288e-02,5.585118046926393909e-01,4.896055437100214069e-01,5.053632250521071789e-01,3.762405716554187984e-01,5.298157564551277954e-01,3.349244695404138827e-01,5.073504273504274575e-01,7.079037800687285609e-01,3.353045535186280901e-01,2.298963662600027047e-01
3.726431264998285586e-01,5.262089956036521965e-01,3.875373452838242194e-01,2.411396206985325363e-01,5.016701272907827525e-01,4.542800347869301314e-01,3.943298969072164817e-01,4.349403578528827086e-01,4.052322477309130422e-01,3.251895534962088163e-01,1.185949665037117351e-01,1.436909947157797296e-01,1.291523347311878955e-01,6.854340135749478757e-02,1.196587007512662504e-01,2.081608605009517554e-01,9.030303030303030165e-02,2.051524910020837145e-01,1.378679574492036042e-01,7.159045368489420913e-02,4.236532417220962299e-01,6.580490405117271902e-01,4.819785470997915988e-01,2.593787217149662316e-01,6.136828897840584940e-01,5.663183630701167370e-01,5.414529914529914167e-01,6.955326460481099371e-01,4.853144096195545210e-01,2.867637413091958520e-01
1.640139086145256941e-01,1.765302671626648445e-01,1.618295632380138960e-01,8.680168197030807553e-02,2.459149589238964762e-01,1.470679587526400878e-01,8.308341143392690420e-02,1.030815109343936470e-01,4.463427656166579771e-01,2.632687447346251375e-01,1.908383125113163187e-02,1.478918393066395165e-01,2.469019460019789697e-02,9.110979122073668834e-03,1.218003195431213159e-01,1.209928392301417299e-01,4.351010101010101272e-02,1.318431521121424255e-01,1.536275116789553863e-01,3.614416207177700846e-02,1.246984869527081319e-01,2.348081023454158256e-01,1.283107111992272675e-01,5.545355299722112830e-02,2.531202535825133881e-01,1.658177372878889277e-01,1.327350427350427464e-01,2.320962199312714691e-01,3.226887443327419724e-01,1.169487078577988171e-01
3.628483275380772755e-01,2.259046330740615005e-01,3.674775928297054906e-01,2.162962327297691389e-01,5.630585898709037362e-01,4.884457696608275334e-01,2.666354264292408183e-01,4.241550695825049844e-01,4.452749599572879413e-01,3.098146588037069549e-01,1.156617780191924461e-01,1.560724314046297856e-01,9.607501295764031557e-02,6.170736536184295851e-02,2.479178706190298120e-01,2.933649575490225869e-01,8.090909090909090273e-02,4.277325250994507000e-01,2.201834862385321223e-01,1.412738554233517463e-01,2.716175718149257956e-01,1.681769722814498991e-01,2.613491942453357586e-01,1.337336244541484642e-01,4.452882519976226194e-01,2.532332081768877696e-01,1.675213675213675368e-01,4.890034364261168220e-01,2.020500689927064997e-01,1.492194674012856104e-01
7.541505460600420596e-01,3.422387554954344768e-01,7.410726988191776998e-01,6.485883463485797584e-01,3.682404983298728229e-01,3.232078519070692435e-01,3.926897844423617445e-01,4.985089463220676032e-01,1.804591564335291665e-01,1.027801179443974533e-01,4.271229404309250799e-01,8.470229277675826729e-02,4.183197474438109520e-01,3.238674780256929897e-01,1.373355542713396993e-01,2.307459890624527776e-01,1.004040404040404122e-01,4.084106838416366458e-01,1.987955197838689458e-01,6.917209070934039750e-02,8.081280608142678012e-01,3.158315565031983851e-01,7.981800620202328389e-01,6.347757046447002338e-01,3.217988509542362707e-01,3.252224194972397342e-01,3.242735042735043205e-01,7.780068728522335775e-01,2.647348708850778554e-01,1.162927981109799225e-01
2.208237425926832254e-01,1.859993236388230997e-01,2.140418267178830769e-01,1.233587917274521495e-01,3.078450844091360494e-01,1.304820474593117174e-01,4.671977507029052845e-02,8.409542743538765686e-02,2.514682327816337715e-01,2.386267902274641362e-01,5.286981712837224984e-02,9.843242167635808670e-02,5.663666776610282866e-02,2.280172880735452726e-02,1.254376720943671808e-01,8.435809892135240351e-02,2.654040404040403783e-02,9.740481151733282328e-02,7.665897450329263452e-02,4.042811934275802876e-02,1.853665667714348708e-01,2.494669509594883428e-01,1.861623710029993162e-01,8.919710202461295090e-02,3.594400052829689884e-01,1.605786302645749175e-01,9.974358974358975283e-02,1.909278350515463962e-01,2.160457323082989323e-01,1.611570247933883926e-01
6.385719183113766073e-01,7.240446398376731985e-01,6.244131455399060115e-01,5.357418690465974853e-01,3.797056964882188357e-01,2.822089700583924055e-01,3.202905342080599183e-01,4.297216699801193474e-01,3.214095034703684517e-01,1.427969671440605381e-01,3.840304182509504671e-01,2.774547303721063840e-01,3.294538943598925851e-01,3.602889812812150594e-01,9.647482748070840275e-02,8.889023174305829555e-02,5.411616161616161769e-02,1.757908694828566043e-01,8.144312489446724201e-02,4.851236128960932648e-02,8.702580220744096096e-01,9.365671641791045721e-01,8.108891261247521687e-01,7.960500198491464729e-01,4.551938189262365042e-01,2.300453085737016734e-01,2.941880341880342420e-01,5.701030927835051276e-01,2.568499901438990873e-01,1.780139052866324678e-01
2.056418042019687586e-01,2.587081501521811822e-01,2.011665955327927024e-01,1.137904402299836915e-01,6.307664530107430778e-01,1.511367871785315176e-01,1.389175257731958546e-01,3.679920477137176849e-01,4.527495995728779699e-01,1.851305812973882414e-01,1.918160420061560401e-01,4.269163589732251074e-01,1.537954106394006648e-01,7.851728994131468298e-02,4.238025631437604135e-01,8.972112276037103040e-02,3.199494949494949281e-02,3.618109490433794040e-01,2.659143355659368546e-01,7.279963517267111495e-02,1.360280681236751832e-01,1.857675906183369197e-01,1.269381322759391417e-01,6.173084557364032221e-02,4.274582315261176713e-01,5.470986019345887297e-02,6.113675213675213993e-02,3.074226804123710854e-01,1.291149221368027011e-01,3.469762560671646456e-02
5.171164111856604295e-01,3.473114643219478159e-01,5.098876084791577057e-01,3.731228009954518088e-01,3.791640335831001352e-01,2.657472978009690623e-01,2.640581068416119614e-01,3.677932405566600726e-01,3.347570742124934551e-01,1.571187868576242597e-01,1.213833061741806663e-01,9.089301112118332304e-02,1.141685906799227435e-01,8.798688078775040999e-02,8.841826154944418259e-02,8.163881922832884330e-02,5.691919191919191795e-02,1.968175790869482744e-01,8.172454550571285614e-02,4.436659618865994303e-02,5.190410057744316852e-01,4.168443496801705894e-01,5.018046871028416511e-01,3.429932512901945341e-01,4.822690351977811374e-01,2.234479145443432346e-01,3.234188034188034688e-01,6.639175257731958490e-01,2.952887837571457341e-01,1.878525514889150538e-01
3.608893677457269966e-01,3.422387554954344768e-01,3.725992317541613197e-01,2.296404359392431316e-01,4.628509524239415862e-01,4.095539818611008132e-01,3.983130271790065735e-01,4.381212723658051700e-01,3.673251468232782146e-01,2.712721145745575768e-01,1.322831794314683895e-01,1.331667735302571320e-01,1.389530226640908750e-01,7.534208196519223688e-02,2.562123941938334593e-01,2.578632504456597196e-01,1.229040404040403905e-01,3.506345898844477893e-01,9.987617493105198363e-02,9.069552119176928218e-02,3.490972882099261931e-01,3.254264392324094368e-01,3.508210055411519201e-01,1.988388249305279576e-01,5.542494882123751854e-01,3.813002687467862417e-01,4.447008547008547419e-01,7.268041237113401776e-01,2.501478415138971290e-01,1.790633608815426769e-01
1.070081786571330240e-01,3.276969901927627715e-01,1.140275999430929166e-01,5.487857204153437363e-02,4.321567211338811498e-01,2.283824077525158647e-01,1.441893158388003471e-01,1.505467196819085252e-01,4.153764014949280492e-01,2.792754844144902382e-01,2.491399601665760660e-02,1.901213822989674673e-01,3.632851152052019722e-02,9.279078367868388161e-03,2.496855559710371431e-01,1.431247545094721518e-01,7.648989898989898284e-02,2.106459556734229799e-01,1.154950188551809448e-01,9.242292331716485398e-02,7.609092902565600669e-02,3.947228144989338716e-01,9.013268262925117069e-02,3.414053195712583866e-02,5.595324572409694497e-01,1.968642974260461087e-01,2.259829059829060183e-01,3.350171821305841235e-01,2.083579735856495585e-01,1.958546504001050237e-01
4.563886576228023406e-01,3.567805207981061821e-01,4.394650732678901939e-01,3.148974513000943887e-01,3.167825223435949411e-01,1.540564045223009049e-01,1.628397375820056225e-01,2.678926441351888732e-01,4.586225306994128337e-01,4.780960404380785178e-02,1.717544812601846660e-01,1.090671914037453921e-01,1.578004994581350684e-01,1.151629255245630035e-01,1.130298806812387313e-01,9.077862041876907928e-02,4.914141414141413172e-02,2.127296836522068468e-01,2.118815782067878795e-01,5.825490927684036369e-02,4.064761347854689011e-01,3.472814498933902705e-01,3.838645722129022664e-01,2.447399761810242214e-01,2.636861916397014727e-01,1.176955690737452875e-01,1.651282051282051411e-01,3.766323024054982760e-01,3.370786516853933046e-01,6.329529056801780351e-02
1.914393457074293758e-01,1.058505241799120311e-01,1.879356949779484864e-01,1.039217368917875195e-01,3.358310011736029832e-01,1.609206112560566670e-01,9.831302717900655685e-02,1.665009940357853047e-01,2.418579818473038934e-01,3.340353833192923894e-01,4.345464421510048664e-02,3.913418382011542296e-02,3.383122084530933854e-02,1.671280057079032461e-02,1.509331339021654228e-01,7.771097078285039983e-02,4.275252525252525027e-02,1.304034855086190492e-01,1.214048516913378700e-01,5.721846800160303170e-02,1.601491119070243552e-01,1.369936034115138979e-01,1.447308220222662256e-01,7.168023025009923055e-02,4.750049527834643848e-01,1.531080517313308242e-01,1.642735042735042894e-01,2.903436426116838276e-01,2.379262763650700219e-01,2.133018496654860985e-01
2.139673833194574160e-01,1.024687182955698050e-01,2.057191634656423407e-01,1.193684029863554541e-01,3.654419066534260185e-01,8.998012175425521009e-02,4.620431115276475015e-02,9.756461232604374256e-02,2.258408969567539115e-01,1.918702611625948684e-01,2.560202788339669550e-02,8.100997147847620317e-02,1.950713848183575211e-02,1.204337707649262568e-02,1.296869157290002350e-01,5.119044022116808756e-02,2.106565656565656530e-02,1.188293237355559778e-01,9.523273484550008605e-02,5.649295910893688266e-02,1.630728747898545494e-01,1.703091684434968611e-01,1.504244827410909369e-01,7.671695117109963991e-02,3.719870567258798943e-01,9.305236196408302185e-02,7.381196581196582118e-02,2.414089347079037828e-01,1.870687955844668182e-01,1.570247933884297287e-01
1.963367451883050174e-01,3.178897531281703603e-01,1.878645611039977403e-01,1.065390886467004194e-01,3.205741626794258448e-01,9.035283886197043035e-02,3.708997188378631432e-02,5.705765407554671403e-02,4.105712760277629991e-01,2.384161752316762417e-01,1.759913090711569261e-02,2.361095757146963181e-01,1.658577957875889686e-02,8.363871362986038949e-03,1.479076724343066640e-01,4.606157657793757965e-02,2.631313131313131257e-02,1.446864936541011615e-01,2.196206450160409496e-01,2.647071016956178621e-02,1.437029456911044223e-01,3.872601279317697820e-01,1.343602257129784538e-01,6.438566891623660748e-02,3.376477580400185086e-01,7.898438940148054532e-02,6.764957264957265071e-02,1.972852233676976041e-01,3.788685196136408750e-01,9.536927718745896732e-02
5.450315882266516532e-01,4.146094014203584033e-01,5.390524967989757110e-01,4.031579850682227573e-01,4.438927507447865128e-01,3.586159771400174723e-01,3.734770384254919584e-01,4.345924453280318178e-01,4.143085958355580134e-01,2.392586352148273754e-01,2.562375520550425056e-01,3.468792146631585749e-01,1.760354332563728308e-01,1.813566729797272403e-01,2.162355100792058837e-01,2.860380094872646550e-01,1.343686868686868596e-01,3.474142830081455302e-01,2.244047954072155848e-01,1.250708234871412139e-01,5.110006578466486094e-01,5.039978678038380400e-01,4.616440445325606934e-01,3.422489082969432106e-01,4.479297365119197516e-01,3.095050984272976757e-01,3.343589743589743812e-01,5.869415807560137699e-01,2.842499507194954367e-01,1.843106388560933895e-01
1.561780694451246898e-01,1.998647277646262710e-01,1.599800825152937200e-01,8.088045996739035015e-02,4.339622641509434109e-01,2.592247484159523330e-01,1.198453608247422586e-01,7.808151093439362478e-02,3.705285638013881000e-01,3.877422072451557344e-01,1.328987868911822579e-02,3.889097702801298795e-02,2.563256843990011080e-02,5.220415466624828138e-03,9.385729340177448310e-02,2.108801401939753017e-01,6.962121212121211156e-02,1.267474900549346306e-01,5.963302752293579700e-02,1.304948661608833216e-01,1.192164315474014691e-01,1.953624733475480824e-01,1.336485181231253927e-01,5.197995236204842884e-02,4.096282110546127231e-01,3.517090161151050776e-01,2.876068376068376398e-01,2.737457044673539674e-01,2.002759708259412852e-01,3.473698019152566263e-01
4.583476174151526195e-01,3.168752113628676703e-01,4.657846066296771337e-01,3.109070625589976933e-01,5.549336462941230064e-01,4.154553360665922401e-01,4.475164011246485218e-01,5.417495029821073338e-01,5.146823278163376036e-01,2.799073294018532554e-01,6.677530327720440639e-02,7.006566583386768243e-02,6.577769401121424941e-02,4.702669789577099135e-02,1.298228915253084870e-01,1.289240716681270271e-01,7.714646464646464363e-02,2.621708656942602911e-01,5.470816682613836857e-02,4.979063886240205072e-02,3.988012572180395510e-01,3.430170575692964574e-01,4.016572619592293503e-01,2.395295752282651791e-01,6.546258997556626547e-01,3.552017541306478066e-01,4.288888888888889306e-01,8.738831615120274954e-01,3.043563966095013118e-01,2.333070969434605790e-01
3.760713061364414633e-01,4.413256679066621668e-01,3.718878930146536366e-01,2.393375096541663083e-01,3.554211429087298368e-01,2.489750279537830957e-01,2.628865979381442841e-01,3.719184890656063169e-01,2.936465563267485201e-01,2.318871103622577312e-01,7.293137787434364472e-02,1.059497225231599421e-01,6.210243603637564253e-02,4.228256362556452597e-02,2.776965700105381019e-01,1.618575701725231963e-01,1.144191919191919204e-01,3.339647660541769092e-01,2.367873023020205525e-01,4.308831861586723266e-02,2.833126233462465726e-01,3.683368869936034518e-01,2.694829952722281874e-01,1.506798332671694940e-01,3.601003764115432992e-01,1.672730447943650556e-01,2.432478632478632941e-01,5.072164948453607991e-01,1.953479203627045413e-01,8.684245047881405943e-02
2.203340026445956834e-01,1.210686506594520484e-01,2.216531512306160190e-01,1.224577362052690355e-01,4.872257831542836648e-01,2.225431730649770345e-01,6.689315838800373448e-02,1.432405566600397639e-01,3.806727175654031070e-01,3.106571187868576445e-01,3.222886112619952753e-02,1.004222954299233000e-01,5.729632945389436655e-02,1.576023817795359563e-02,1.720093823299452540e-01,1.627639967368643692e-01,2.570707070707070607e-02,1.533244932752415302e-01,2.636629706759722747e-01,1.122189516741981252e-01,1.703822819969300628e-01,1.543176972281449788e-01,1.875349499262873865e-01,7.979356887653832331e-02,4.723634682691672526e-01,2.243210990482289169e-01,8.474358974358975338e-02,2.813402061855669878e-01,3.753203232801104461e-01,2.451134723861996823e-01
2.918360350653802504e-01,1.166723030098071878e-01,2.842509603072982394e-01,1.709860121857032511e-01,3.956847521892209452e-01,1.977574854019133188e-01,9.109653233364571612e-02,1.273856858846918461e-01,1.030432461292045687e-01,2.839090143218194751e-01,3.574144486692013706e-02,1.580844148665680460e-02,2.987325071856005571e-02,1.979462007702680396e-02,8.226535676649554540e-02,1.052814454482279283e-01,4.171717171717171518e-02,1.261413146429248011e-01,8.200596611695841476e-02,6.357530782305874373e-02,2.434763540676851412e-01,1.154051172707890038e-01,2.298815515225458572e-01,1.197399761810242214e-01,3.957604173545531956e-01,2.135518235003056320e-01,1.503418803418803684e-01,2.768384879725085956e-01,1.606544451015178843e-01,2.108093926275744212e-01
2.859591556883294139e-01,4.159621237740945832e-02,2.844643619291505887e-01,1.668239938213335882e-01,6.903493725738014675e-01,2.523916014411728970e-01,1.611293345829428181e-01,3.258449304174950711e-01,6.599038974906569210e-01,3.464616680707663932e-01,1.081296396885750299e-01,1.441331888832386166e-01,8.928992131178437042e-02,4.827810339224276881e-02,3.972872828636502263e-01,1.916941112487536569e-01,2.934343434343434157e-02,1.560712256109111629e-01,2.509990431699217206e-01,1.820405455826872854e-01,1.974270886631093735e-01,1.252665245202561062e-02,1.874332774134512269e-01,9.475486304088923117e-02,4.882123753549494904e-01,1.073143755275489664e-01,7.298290598290597953e-02,2.545360824742268213e-01,2.257047112162429148e-01,1.106519742883379509e-01
1.522601498604241321e-01,0.000000000000000000e+00,1.483141271873665845e-01,8.032266369175319887e-02,3.909903403448586889e-01,1.053547024475090244e-01,5.930178069353326392e-02,8.439363817097415843e-02,1.142552055525895005e-01,2.957034540859309057e-01,2.219808075321382662e-02,9.794600809215334158e-03,1.738679734250576925e-02,8.737425242529853892e-03,2.072271135737838721e-01,5.139438619814484799e-02,2.775252525252525082e-02,1.012312938056449951e-01,6.554286035909272223e-02,4.232826168069316053e-02,1.067904392953731296e-01,0.000000000000000000e+00,9.745310355345426778e-02,4.724096863834854887e-02,4.783068084263356057e-01,9.547787447487655899e-02,8.948717948717949122e-02,1.581786941580755890e-01,1.034890597279716218e-01,1.439721894267348978e-01
2.188647828003330575e-01,2.813662495772741856e-01,2.160335751885047451e-01,1.222431991761778192e-01,3.452198248623273846e-01,1.706423158156292752e-01,6.832239925023429750e-02,7.589463220675943256e-02,1.585691404164443208e-01,2.712721145745575768e-01,3.907296759007785475e-02,1.830462756196245544e-01,4.339631531828676975e-02,1.766536296362706052e-02,1.087126491484515511e-01,1.030909145844033925e-01,3.527777777777776902e-02,9.776472816821367429e-02,9.368492148364947203e-02,3.327667454362034927e-02,1.703822819969300628e-01,4.224413646055438232e-01,1.745717045396776856e-01,8.033942040492259018e-02,3.277421911114046238e-01,1.946328259161160812e-01,1.384615384615384692e-01,1.955326460481099371e-01,1.657796175832840779e-01,1.459399186671914150e-01
2.825309760517166202e-01,6.256340886033141535e-01,2.700953193910939909e-01,1.680683085900626650e-01,2.034846980229304547e-01,7.398434588147598245e-02,2.977975632614807480e-02,5.551689860834990720e-02,1.356113187399894393e-01,1.615417017691658241e-01,2.078580481622305937e-02,1.742023922704459271e-01,3.029731894642604534e-02,1.514387427670629838e-02,1.097664615698405732e-01,6.811795631023959130e-02,1.895959595959595748e-02,9.810570183746920858e-02,9.199639781617603707e-02,2.726531514724375369e-02,2.197207806446896394e-01,6.292643923240939241e-01,2.166641248538457298e-01,1.133882493052798812e-01,2.617050782539786513e-01,1.148819745612247867e-01,6.781196581196581585e-02,1.986597938144329667e-01,2.225507589197712743e-01,1.021251475796930985e-01
1.605857289779127894e-01,2.532972607372335760e-01,1.693697538767960920e-01,8.628679310048914530e-02,3.296921549155907849e-01,2.728910423655113160e-01,2.215791940018743966e-01,1.795725646123260411e-01,1.719167111585692131e-01,3.462510530749789428e-01,5.283360492485967425e-02,2.241703331933051491e-01,9.654619987749141208e-02,2.119544712531611433e-02,2.329265390760444920e-01,3.275825603529021190e-01,1.623737373737373646e-01,3.349119151354423285e-01,1.024089604322620667e-01,1.409974710832884170e-01,1.345661866822600583e-01,3.957889125799574082e-01,1.812312541304458291e-01,6.272330289797538316e-02,4.485901076404939514e-01,3.695607881945455198e-01,4.084615384615384870e-01,5.343642611683848687e-01,1.921939680662330119e-01,2.642004460186278547e-01
5.200548508741856812e-01,2.999661819411564290e-01,5.027742210840802084e-01,3.735518750536342969e-01,3.001715265866209403e-01,1.902099639706796019e-01,1.914011246485473050e-01,2.889662027833002078e-01,2.423918846769888003e-01,9.035383319292322746e-02,5.294224153539741490e-02,2.511662871166731037e-02,4.994581350421712501e-02,4.131132353875061058e-02,3.919502328585511286e-02,4.659787896183943678e-02,3.565656565656565025e-02,1.272778935404432765e-01,3.951145381887770369e-02,6.640133770020584941e-03,4.616621591988889217e-01,3.821961620469083165e-01,4.306339281175333156e-01,2.943628423977768804e-01,3.449118404543352612e-01,2.107382289877851311e-01,3.023931623931624402e-01,5.398625429553264299e-01,3.234772324068598826e-01,9.405745769382134469e-02
2.697977374014397522e-01,2.066283395333107231e-01,2.571489543320528703e-01,1.574272719471380699e-01,2.932201859709308023e-01,9.029071934401791677e-02,3.423149015932520391e-03,1.620775347912524825e-02,2.482648158035238861e-01,1.891322662173546831e-01,2.853521636791598454e-02,4.673992350040905019e-02,2.106205531734439002e-02,1.624585822136055679e-02,6.523438827888634883e-02,3.662718675408647290e-02,2.848484848484848005e-03,4.519795415798446431e-02,7.820678786514324854e-02,5.839310144687201443e-02,2.094876105547839873e-01,2.246801705756930057e-01,1.906867978242082207e-01,1.025456530369193986e-01,2.749125008254638680e-01,1.041126990133015018e-01,9.572649572649572641e-03,8.591065292096219941e-02,2.140745121230042125e-01,1.889675980585071025e-01
3.040795337675694654e-01,3.222861007778152764e-01,2.902973395931142120e-01,1.855745301639062650e-01,2.462760675273089062e-01,9.262020126723818914e-02,7.017338331771320881e-02,1.028827037773359793e-01,2.199679658302190477e-01,1.259477674810445258e-01,7.970305993119680688e-02,1.247650843485374611e-01,6.120718088865854251e-02,4.035876114591387120e-02,6.768195261243498129e-02,5.897815511979938308e-02,3.863636363636363535e-02,1.188672096988065974e-01,3.852648167951823466e-02,4.567942180396059038e-02,2.825816826255390102e-01,3.837953091684436213e-01,2.537237557826241829e-01,1.505805875347359934e-01,2.326487485967113078e-01,1.108071135430916399e-01,1.429914529914529941e-01,2.800687285223367740e-01,1.559235166568105901e-01,1.376754558572740317e-01
5.807826044370439922e-01,4.565437943862021841e-01,5.760421112533788968e-01,4.306187247918991101e-01,4.366705786765369135e-01,3.365635482668655198e-01,4.348641049671976844e-01,5.074552683896620398e-01,4.388681260010679486e-01,1.870261162594775151e-01,1.807713199348180144e-01,5.469720754383250449e-01,2.179710691231211139e-01,1.182260673368223103e-01,3.238603528571913914e-01,2.867178294105205971e-01,1.886111111111110905e-01,6.518279977268421899e-01,2.785782630719873532e-01,1.846661968132885523e-01,4.437541115415539195e-01,4.909381663113007166e-01,4.448680799145950937e-01,2.702957522826518466e-01,3.561381496400976565e-01,2.077305934744011484e-01,3.272649572649573013e-01,6.271477663230240474e-01,1.992903607332939808e-01,1.376098648825921922e-01
2.575542386992506483e-01,2.133919513019951752e-01,2.505335040546308178e-01,1.473011241740324606e-01,4.321567211338811498e-01,1.739035905081376954e-01,1.442127460168697028e-01,1.674950298210735600e-01,3.005872931126536418e-01,3.104465037910697500e-01,3.545174723881947682e-02,8.877047911738043806e-02,2.233426000094237279e-02,2.029891781441096540e-02,2.383655709283747370e-01,1.285463939329848926e-01,5.896464646464645576e-02,2.144345519984845461e-01,2.584566893679292598e-01,1.323604604563105580e-01,1.850010964110810341e-01,2.108208955223881409e-01,1.744700320268415261e-01,8.976776498610558597e-02,5.093442514693256040e-01,1.741615003250187033e-01,1.915384615384615463e-01,3.628865979381443174e-01,3.577764636309875845e-01,2.676111767020858401e-01
3.515843087320632554e-01,3.550896178559350691e-01,3.428652724427372345e-01,2.190423067021367853e-01,3.903584002888870197e-01,1.863896136165983652e-01,1.598875351452670734e-01,2.460735586481113679e-01,1.708489054991991773e-01,1.583824768323502941e-01,4.374434184320114688e-02,2.816555749629662264e-01,3.953258257550770066e-02,2.808751620289951997e-02,1.258455994832919644e-01,8.080792821101610846e-02,5.436868686868686490e-02,2.240954726273915454e-01,1.647436258231552708e-01,3.168746458825642820e-02,2.679628682113880944e-01,4.386993603411514231e-01,2.511819429617203614e-01,1.389440254069075065e-01,3.330251601399986661e-01,1.081875600314346486e-01,1.452991452991453103e-01,3.494845360824742064e-01,1.584861028976937147e-01,7.182211727666271139e-02
5.734365052157303078e-01,2.864389584037875247e-01,5.639493526817470626e-01,4.181755771046082870e-01,4.610454094068792141e-01,3.750776493974407044e-01,3.809746954076850267e-01,4.703777335984095642e-01,3.876134543513080066e-01,1.887110362257793383e-01,1.301466594242259300e-01,1.399544540007517379e-01,1.011167130000471259e-01,8.658605373946109962e-02,1.339701533127103383e-01,1.433513611505574381e-01,7.724747474747474529e-02,2.839552945633642689e-01,1.174649631338999384e-01,3.697331509196687127e-02,5.522988085666251656e-01,4.432302771855011203e-01,4.977377865893956033e-01,3.484517665740373138e-01,5.324572409694248165e-01,3.372529615507756651e-01,3.688888888888889328e-01,7.738831615120275176e-01,3.991720875221762554e-01,1.497441951987407704e-01
1.885009060189039021e-01,1.599594183293878147e-01,1.901408450704226150e-01,9.975971852741782886e-02,4.261984291775752220e-01,2.750652254938501518e-01,1.578491096532333438e-01,1.289264413518886598e-01,3.475707421249333295e-01,3.761583824768324202e-01,6.043816766250224154e-02,3.108403900152557076e-01,4.104038071903124557e-02,2.625710219313482155e-02,3.547948465173198507e-01,2.878508626159470563e-01,1.402272727272727004e-01,2.830081454820989051e-01,1.479990994540439919e-01,1.595152218675289779e-01,1.309114830787223016e-01,2.041577825159914816e-01,1.234812668395099400e-01,5.810837633981738581e-02,4.182130357260780973e-01,1.790125253466057220e-01,1.535897435897435881e-01,2.377319587628865527e-01,1.506012221565148912e-01,1.725042634133542863e-01
2.810617562074537723e-01,3.354751437267500247e-01,2.697396500213401493e-01,1.694842529820647092e-01,3.416990159790556092e-01,1.224996894024102390e-01,1.372539831302717617e-01,1.708747514910536891e-01,2.301121195942339437e-01,1.421651221566975209e-01,1.297121129820749397e-01,1.735391010192575689e-01,1.123780803844885434e-01,6.835662441772287490e-02,1.458340415406057800e-01,5.754297972625918578e-02,5.431818181818180713e-02,1.788785754877817713e-01,1.029718016547531839e-01,3.362215496869946918e-02,3.399605292010817181e-01,4.757462686567165422e-01,3.157439886126784945e-01,1.910480349344978179e-01,4.551938189262365042e-01,1.235167990996497434e-01,2.259829059829060183e-01,3.986254295532645764e-01,2.600039424403706168e-01,1.224583497310769986e-01
1.826240266418531766e-01,3.608386878593167202e-01,2.109830701379996620e-01,9.255127434995280566e-02,8.113207547169809519e-01,8.089824822959374995e-01,5.656044985941892644e-01,5.228628230616302330e-01,7.634810464495461746e-01,1.000000000000000000e+00,1.390910736918341273e-01,1.755289747728226990e-01,1.266550440559770230e-01,3.815479325660536825e-02,2.514532413230444741e-01,5.405928029730791007e-01,1.429545454545454453e-01,3.536654669444970200e-01,7.281476895367816615e-01,2.872047869767698769e-01,2.277611285724727153e-01,3.859275053304904723e-01,2.256113059834273793e-01,8.537614132592299954e-02,9.154724955424948796e-01,8.140117006723520676e-01,5.870940170940170955e-01,8.848797250859106178e-01,9.999999999999998890e-01,7.737111373475011877e-01
2.977129144424310869e-01,1.203922894825836254e-01,2.855313700384123354e-01,1.769072341886210042e-01,3.552405886070235663e-01,1.204186855510001319e-01,2.490627928772258526e-02,9.527833001988071648e-02,2.269087026161239473e-01,1.929233361415332304e-01,3.896433097954008634e-02,7.351478034004731155e-02,3.401969561324977992e-02,2.042966167225129456e-02,8.957405581806435202e-02,3.883282472731668100e-02,1.078787878787878726e-02,1.293616215192271435e-01,1.921821354195981102e-01,3.134198416317730829e-02,2.189898399239821880e-01,1.308635394456290069e-01,2.017182654669310016e-01,1.085500198491465007e-01,3.026480882255827010e-01,7.752908189500441749e-02,3.189743589743589819e-02,1.993814432989690633e-01,2.479794993100730149e-01,8.461235733963007322e-02
5.156471913413976926e-01,3.097734190057490622e-01,5.034855598235880025e-01,3.675448382390801294e-01,4.047124672745329166e-01,2.741334327245620317e-01,2.647610121836925789e-01,3.951292246520874962e-01,3.416978109983983547e-01,1.406908171861833701e-01,1.059569074778200226e-01,4.161047115788543693e-02,8.434245865334777381e-02,7.862935610517782226e-02,1.056531937315157710e-01,1.025621657552044097e-01,6.080808080808080412e-02,2.165182799772684130e-01,6.849777677717115709e-02,5.376366375081187421e-02,4.810320882976390489e-01,3.459488272921109608e-01,4.392760917086065975e-01,3.129714172290591345e-01,4.769860661691870951e-01,2.415907481250788302e-01,3.293162393162393231e-01,6.103092783505154051e-01,2.458111571062487899e-01,1.767020857929949007e-01
1.454037905871982117e-01,1.839702401082177197e-01,1.392089913216673080e-01,7.689007122629365476e-02,3.185880653606572022e-01,6.081500807553733012e-02,0.000000000000000000e+00,0.000000000000000000e+00,4.063000533902830780e-01,2.061920808761581458e-01,7.944957450660872222e-02,3.455526321607818030e-01,6.587193139518446316e-02,2.834900391858019217e-02,2.379576435394499812e-01,5.406834456295132874e-02,0.000000000000000000e+00,0.000000000000000000e+00,3.485112849665109036e-01,3.703550156848107316e-03,1.045976171332504423e-01,1.913646055437100424e-01,9.511463575822276528e-02,4.582671695117110366e-02,2.405732021396024822e-01,3.940972727537328524e-02,0.000000000000000000e+00,0.000000000000000000e+00,2.257047112162429148e-01,4.329004329004326745e-02
1.659728684068759730e-01,3.084206966520119941e-01,1.805377720870677827e-01,8.203895992448298480e-02,6.226415094339623479e-01,5.962231333084856422e-01,3.957357075913776612e-01,3.164512922465209099e-01,5.493860117458623238e-01,6.221566975568659785e-01,3.617599130907115518e-02,1.470074509717217426e-01,4.532818168967630429e-02,1.342552643080474617e-02,1.934935581466498689e-01,3.208598966673715802e-01,1.158585858585858552e-01,2.536465239628717394e-01,1.336466482805200862e-01,1.223069800865083101e-01,1.667275783933923061e-01,5.543710021321962556e-01,1.894667276701743619e-01,7.058852719333069681e-02,9.722644125998811671e-01,8.834783789814787403e-01,7.181196581196581663e-01,8.673539518900343914e-01,5.103489059727972510e-01,5.592286501377412566e-01
6.116362211665604676e-01,3.324315184308419546e-01,6.108977094892589221e-01,4.632283532137646542e-01,5.477114742258735181e-01,3.896757361162878075e-01,4.997656982193063868e-01,6.257455268389662262e-01,2.973838761345435344e-01,2.226200505475988134e-01,1.164584464964693034e-01,1.412589267947555460e-01,1.060641756584837503e-01,8.533464824298932216e-02,2.506713804942719559e-01,1.823277034172281486e-01,1.400505050505050364e-01,3.618109490433794040e-01,2.339730961895649108e-01,1.074513218081063481e-01,4.879760251443607255e-01,3.478144989339019277e-01,4.652025824818259991e-01,3.114827312425565431e-01,6.295317968698408428e-01,2.589574177023605817e-01,4.536752136752137399e-01,7.467353951890033370e-01,2.891780011827321806e-01,1.686343959071232024e-01
1.752779274205397142e-01,1.958065607034155109e-01,1.811068430786739736e-01,9.508281129322920799e-02,2.800397219463753862e-01,2.732016399552740227e-01,2.359418931583879830e-01,1.370278330019880642e-01,3.432995194874535194e-01,4.751474304970513263e-01,7.930472569255839210e-02,1.558513343209003144e-01,8.537906987702020833e-02,3.019809562232208047e-02,2.946255566509161095e-01,4.809952563676466175e-01,2.391919191919191778e-01,3.877628338700511157e-01,6.061799966229529379e-02,3.950637756864696093e-01,1.228711351509392258e-01,1.841684434968017259e-01,1.283107111992272675e-01,5.617308455736402806e-02,2.577428514825332306e-01,2.460536911449389408e-01,2.582051282051281982e-01,2.842611683848796922e-01,1.166962349694461443e-01,3.231011412829595808e-01
3.378715901856114145e-01,4.386202231991882527e-01,3.447858870394081565e-01,2.088303441173946784e-01,2.897896542385122176e-01,3.402907193440180000e-01,2.410965323336457244e-01,1.856858846918489347e-01,1.532301121195942528e-01,2.424178601516429055e-01,4.124569980083286208e-02,1.649163147538083574e-01,6.912312114215710124e-02,2.379164658814563946e-02,8.597069721589556401e-02,3.276580958999305571e-01,1.661111111111110705e-01,3.042242849024435758e-01,1.195756177182417251e-01,1.213050868537788596e-01,2.485929391126379673e-01,4.064498933901919964e-01,2.613491942453357586e-01,1.265134974196109596e-01,2.075546457108894960e-01,2.811751123012292686e-01,3.129914529914530341e-01,3.797250859106529042e-01,1.366055588409225696e-01,1.639774367047094894e-01
2.413928204123609866e-01,4.822455191072031466e-01,2.378005406174419356e-01,1.398781429674761656e-01,2.383316782522343358e-01,1.610448502919617497e-01,1.274133083411433665e-01,1.011928429423459147e-01,1.852642819006942165e-01,2.154591406908170637e-01,4.830707948578669836e-02,1.556302372371707876e-01,3.241766008575602126e-02,2.186784410849499163e-02,1.174830880103341357e-01,1.505272381182584662e-01,7.616161616161616632e-02,1.646334533055502647e-01,8.116170428322171115e-02,8.679159238837526325e-02,2.018127329873546372e-01,5.141257995735607489e-01,1.839255757206039177e-01,9.934497816593887420e-02,3.402892425543155297e-01,3.086319139234120490e-01,3.342735042735043294e-01,4.054982817869415834e-01,2.485708653656614198e-01,2.676767676767677906e-01
9.662079435819580508e-01,5.600270544470746792e-01,9.886185801678760710e-01,1.000000000000000000e+00,5.034756703078451245e-01,5.446639334078768879e-01,8.516869728209933710e-01,8.394632206759442550e-01,4.773091297383876830e-01,1.320556023588876915e-01,8.819482165489767045e-01,2.086935373322426068e-01,8.430947556895820316e-01,1.000000000000000222e+00,2.018220756705306207e-01,3.831767229658277207e-01,2.034090909090909005e-01,4.921386626254972141e-01,1.278775257499858986e-01,1.265563893149813934e-01,9.999999999999997780e-01,5.157249466950960537e-01,1.000000000000000000e+00,9.999999999999998890e-01,4.261374892689690497e-01,3.864423552696685249e-01,5.840170940170941183e-01,9.020618556701031077e-01,2.121032919377094927e-01,1.261314443132625085e-01
1.659728684068759730e-01,1.690902942171119139e-01,1.585574050362781873e-01,8.680168197030807553e-02,4.330594926424121693e-01,1.055721207603428913e-01,5.536551077788191139e-02,1.283797216699801291e-01,2.130272290443139260e-01,3.523588879528221085e-01,3.469129096505522286e-02,3.190209821132459211e-01,2.921358903076850394e-02,2.293247266519485641e-02,4.503178434238704342e-01,1.374595884823398007e-01,3.669191919191919227e-02,2.998673991286228691e-01,3.227612990375414714e-01,1.343987949642773405e-01,9.765368028652876564e-02,1.279317697228145589e-01,8.906512124447157897e-02,4.289896784438268496e-02,3.330251601399986661e-01,5.346799778793259739e-02,3.365811965811965623e-02,1.479725085910652826e-01,6.643012024443134544e-02,1.186540731995277542e-01
4.480630785053136833e-01,3.297260737233682626e-01,4.302176696542894252e-01,3.045567664978975353e-01,1.969847431615059374e-01,1.515405640452230085e-01,1.206654170571696133e-01,1.377236580516898734e-01,3.614522156967433508e-01,5.728727885425421995e-02,1.330436357052326435e-01,3.754007384642596423e-01,1.282570795834707678e-01,7.435216418440113162e-02,5.880953190332119385e-02,1.782487838776928568e-01,7.717171717171718293e-02,2.102670960409168399e-01,1.029718016547531839e-01,2.156488813343835839e-02,3.487318178495723564e-01,4.277718550106610618e-01,3.345534034873671736e-01,2.005756252481143420e-01,1.094234960047545946e-01,1.394281611704553392e-01,1.608547008547008828e-01,2.898969072164948590e-01,1.896313818253498873e-01,3.069657615112159066e-02
1.370782114697095544e-01,3.009807237064591190e-01,1.347275572627685269e-01,7.032523813610228047e-02,4.890313261713461479e-01,1.346129954031556608e-01,5.381911902530458341e-02,8.846918489065605518e-02,1.681793913507741989e-01,3.378264532434709366e-01,1.339851529965597338e-02,2.655154878507152705e-01,1.309899637186071747e-02,6.122548085723142353e-03,2.434646632899343244e-01,4.796507236305405653e-02,4.565656565656565913e-02,1.742564879712066306e-01,1.411042944785275699e-01,8.368226856266323954e-02,8.705503983626927678e-02,3.336886993603411788e-01,8.271058919221185857e-02,3.766375545851527451e-02,4.631182724691276786e-01,7.481250788291567144e-02,7.199145299145300048e-02,2.243298969072164417e-01,1.277350680070964417e-01,1.533516988062442743e-01
3.079974533522699121e-01,3.351369631383158687e-01,3.072983354673495260e-01,1.841156783660859719e-01,4.818091541030965486e-01,2.791029941607653386e-01,2.638238050609184593e-01,3.212226640159045465e-01,2.680192205018686602e-01,3.260320134793597280e-01,3.957993843925402405e-02,1.307125959008600957e-01,3.981529472741836967e-02,2.250288570371947530e-02,1.224122106265084775e-01,1.125328579629573666e-01,5.517676767676767818e-02,1.812275052093199612e-01,6.118084088478638327e-02,6.741014054143691647e-02,3.056063153278268385e-01,5.005330490405117683e-01,3.020181993797976805e-01,1.602074235807860181e-01,5.951924981839793460e-01,3.196922509726305428e-01,3.477777777777777968e-01,6.278350515463917425e-01,3.181549379065642391e-01,3.309720582447855386e-01
9.378520005876878063e-02,2.411227595536015178e-01,9.759567506046379348e-02,4.724105380588689007e-02,2.905118714453371886e-01,2.138153807926450878e-01,1.973289597000937035e-01,1.139165009940357881e-01,4.639615589962627906e-01,4.483993260320133789e-01,2.639869636067353892e-02,1.284131862300736393e-01,3.166376101399425574e-02,9.839409187184112310e-03,1.441683380358296240e-01,2.394325769707224827e-01,1.269696969696969546e-01,1.612047736313695634e-01,1.353351719479934934e-01,1.083495709133120433e-01,7.572545866530222547e-02,2.945095948827293197e-01,8.520156575669762811e-02,3.225486304088924505e-02,3.442514693257610614e-01,3.049451349070059214e-01,3.710256410256410620e-01,2.790378006872851757e-01,2.793219002562586928e-01,2.834186016004198172e-01
1.860522062784661923e-01,1.650321271559012093e-01,1.854460093896712625e-01,1.006178666437826941e-01,4.691703529836598330e-01,1.827556218163746971e-01,1.243673851921274359e-01,9.786282306163021638e-02,3.267485317672184086e-01,3.323504633529905661e-01,3.327901502806444173e-02,1.777399456101173558e-01,3.816614050793950413e-02,1.407924572000642319e-02,1.102763708059965042e-01,1.369308396531407623e-01,1.049494949494949453e-01,1.522636863042242938e-01,1.484212303709123715e-01,9.394303718751295662e-02,1.360280681236751832e-01,2.633262260127932075e-01,1.400538864318031651e-01,6.053989678443827405e-02,4.228356336260977177e-01,1.685343112999777015e-01,2.218803418803418914e-01,2.553608247422680111e-01,2.712398974965503085e-01,2.411124229306048083e-01
3.804789656692296740e-01,3.304024349002366856e-01,3.825579741072698825e-01,2.482193426585428686e-01,5.106978423760947239e-01,3.070567772394087180e-01,3.434864104967197407e-01,4.019383697813121992e-01,4.079017618793380207e-01,1.684919966301601235e-01,1.313778743436538055e-01,9.370094408454752999e-02,1.101163831692032469e-01,7.752737216052356384e-02,1.538906074718700001e-01,8.934344502522888198e-02,7.103535353535353480e-02,2.070467891646145253e-01,8.566443406315076003e-02,5.410914417589099412e-02,3.867407353263650482e-01,3.726012793176972648e-01,3.579380814396827537e-01,2.313418023025010095e-01,5.509476325695039645e-01,2.057901834657663298e-01,3.240170940170940539e-01,5.202749140893471180e-01,2.507392075694855338e-01,1.649613013249376370e-01
6.865664332239581613e-01,2.549881636794046891e-01,6.614027599943094193e-01,5.902342744357675919e-01,3.720321386657037266e-01,1.931295813144490447e-01,2.736644798500468267e-01,4.207256461232604661e-01,2.936465563267485201e-01,1.221566975568633140e-02,3.967046894803548107e-01,1.523137809812288301e-01,3.286999952881308196e-01,4.058625545855605865e-01,1.310466736920828101e-01,6.124422153065232910e-02,5.292929292929292318e-02,2.267474900549346362e-01,6.680925310969774988e-02,3.137653220568523138e-02,8.066661793728526764e-01,3.843283582089552786e-01,7.371765543185400116e-01,7.243449781659389020e-01,4.300997160404146924e-01,1.314724801350525552e-01,2.445299145299145716e-01,6.254295532646048095e-01,1.862803075103489636e-01,6.493506493506490118e-02
3.574611881091140919e-01,5.238417314846126605e-01,3.387395077535922949e-01,2.267227323436024899e-01,3.723029701182631879e-01,8.656354826686546433e-02,5.618556701030927303e-02,1.440854870775347685e-01,2.124933262146290192e-01,1.069924178601515674e-01,3.992395437262356572e-01,4.037011651816312940e-01,3.449088253310088059e-01,1.852789887149372816e-01,1.757487167284223217e-01,5.988458168414055593e-02,4.590909090909091328e-02,3.631369577571509355e-01,0.000000000000000000e+00,2.968367812279755838e-02,2.306848914553029650e-01,3.512793176972281994e-01,2.086828325962076236e-01,1.179039301310043641e-01,1.499042461863567266e-01,2.330432420370424917e-02,2.049572649572649688e-02,9.962199312714775656e-02,0.000000000000000000e+00,0.000000000000000000e+00
2.737156569861403099e-01,3.574568819749746051e-01,2.802674633660549031e-01,1.608169570067793930e-01,4.646564954410038473e-01,3.732140638588645754e-01,2.307169634489222021e-01,3.060636182902584101e-01,4.308595835557927911e-01,3.761583824768324202e-01,9.375339489407930049e-02,1.023237303499966860e-01,7.868821561513453244e-02,4.581264778725359366e-02,1.141856749498589285e-01,1.394235127050789946e-01,5.517676767676767818e-02,1.810949043379427581e-01,1.309731524736871822e-01,8.368226856266323954e-02,3.180323075798551780e-01,4.259061833688699839e-01,2.979512988663514106e-01,1.696109567288606734e-01,5.403816945123158799e-01,3.348274490399821834e-01,3.131623931623931933e-01,5.127147766323023603e-01,4.285432682830673246e-01,3.126065853338580447e-01
2.350262010872227192e-01,2.414609401420357848e-01,2.224356238440745592e-01,1.335278469063760631e-01,2.932201859709308023e-01,4.627904087464281002e-02,1.048031865042174139e-02,3.192345924453280498e-02,2.562733582487985995e-02,1.425863521482728657e-01,2.176353431106282238e-02,7.804727055650136081e-02,1.366442067568204161e-02,1.099742621376994037e-02,1.092905462827616636e-01,0.000000000000000000e+00,6.616161616161615397e-03,6.421670770979351350e-02,8.510159284065967056e-02,1.551898069455384319e-02,1.703822819969300628e-01,2.049573560767591340e-01,1.524579329978140163e-01,7.954545454545455807e-02,2.590635937396816302e-01,2.157735929601925506e-02,1.656410256410256743e-02,9.567010309278348168e-02,6.938695052237336958e-02,4.394595303686210652e-02
1.498114501199863113e-01,1.778829895164016905e-01,1.446862996158770898e-01,7.933579335793358722e-02,2.284011916583913449e-01,8.681202633867562968e-02,5.274133083411432915e-02,3.914015904572564625e-02,1.238654564869193786e-01,1.457455770850881738e-01,5.105920695274306781e-02,1.938800327223684228e-01,4.942750789238092163e-02,2.042966167225129456e-02,1.643267498385287129e-01,1.117775024926730421e-01,5.095959595959595467e-02,1.063080128812275010e-01,1.242190578037935395e-01,5.061979188259192741e-02,1.195819019077552503e-01,2.318763326226013222e-01,1.184484774541202934e-01,5.398967844382690506e-02,2.405732021396024822e-01,9.217917746019735348e-02,8.337606837606838239e-02,1.172852233676975886e-01,1.448846836191602927e-01,8.297258297258297555e-02
1.214065331309074902e-01,1.748393642204937315e-01,1.182956323801394038e-01,6.071397923281557363e-02,5.486142457344047596e-01,1.775686420673376065e-01,2.539831302717900433e-02,6.411530815109343917e-02,8.414308595835559013e-01,4.136478517270427702e-01,1.464059388013760621e-01,2.385416436357203906e-01,1.203882580219573228e-01,5.195760910574935554e-02,1.971988985960498875e-01,6.026225941928271823e-02,1.935606060606060580e-02,1.551998484561470104e-01,4.776833455282264995e-01,1.747509086135179690e-01,8.559315839485415189e-02,1.447228144989339271e-01,7.813532611458490207e-02,3.597657800714569587e-02,3.719870567258798943e-01,6.924353115813371151e-02,1.852991452991453389e-02,8.862542955326459249e-02,3.926670609107038024e-01,1.650268922996195875e-01
7.855428767324551531e-02,1.416976665539397273e-01,8.564518423673350700e-02,3.750107268514545067e-02,7.625710932562967947e-01,3.076779724189340204e-01,7.806935332708526964e-02,1.203280318091451279e-01,5.499199145755474527e-01,5.686604886267903058e-01,8.774216911099039229e-02,1.697804505958566135e-01,7.685058662771521165e-02,2.395974583394035531e-02,4.673148179624026510e-01,1.691089826872526070e-01,5.547979797979797623e-02,2.992991096798636175e-01,4.515112286823886323e-01,1.038583253872835677e-01,6.914699217893433003e-02,1.551172707889126312e-01,6.786640231813328983e-02,2.555577610162763913e-02,7.517004556560786810e-01,1.769750948375391764e-01,8.543589743589745378e-02,2.495532646048110037e-01,4.171101912083580165e-01,2.281254099435918170e-01
3.603996277976394547e-01,3.165370307744335143e-01,3.509745340731256213e-01,2.280528619239680921e-01,3.567753001715265881e-01,1.942166728786185181e-01,1.753983130271789814e-01,2.154572564612325936e-01,2.103577148958889476e-01,1.935551811288962476e-01,9.940249864204236951e-02,1.848150522894602688e-01,8.825331008811196365e-02,5.918587667492219984e-02,1.101064010606112309e-01,1.003716348913798739e-01,7.492424242424242098e-02,1.784997158552756313e-01,5.119040918556876096e-02,2.843994859251274335e-02,3.253417147869306913e-01,4.275053304904051776e-01,3.015098368156168274e-01,1.844481937276697125e-01,3.528362939972264356e-01,1.773631768392661678e-01,2.449572649572649974e-01,3.848797250859105623e-01,1.413364872856298082e-01,9.510691328873149830e-02
6.410695920466230602e-02,1.586066959756509687e-01,6.003698961445436133e-02,3.256672101604736469e-02,1.572627967861335296e-01,2.397813392968071999e-02,8.624648547328958581e-03,1.725646123260437398e-02,3.315536572343833477e-01,3.868997472620050448e-01,2.284990041644033992e-02,2.084724402485130801e-01,1.823493379823776933e-02,5.579027190986889789e-03,1.929496549614168610e-01,1.413270084901954715e-02,9.295454545454545983e-03,6.577003220306876230e-02,2.691506725952608758e-01,4.346834708345424791e-02,3.731452379212046866e-02,2.145522388059701857e-01,3.258604036398754511e-02,1.535827709408495167e-02,1.812058376807765270e-01,2.428423125806483673e-02,1.258119658119658153e-02,4.773195876288659906e-02,2.810959984230237962e-01,1.508592417683327080e-01
3.618688476419021915e-01,5.421034832600607478e-01,3.562384407454829427e-01,2.343602505792500013e-01,4.493093797959737401e-01,2.306187103988073528e-01,2.893626991565135809e-01,3.256958250497017371e-01,2.562733582487988215e-01,3.091828138163437156e-01,1.962339308346912614e-01,2.529129540781356877e-01,1.610045705131225580e-01,1.056559792901728967e-01,2.993847095217050946e-01,1.608756080611535577e-01,1.240404040404040203e-01,3.307444591778745946e-01,1.873979850284234749e-01,1.372317344499260627e-01,3.593304582998319563e-01,5.650319829424307327e-01,3.391286665649941856e-01,2.050416832076220608e-01,6.262299412269696219e-01,2.021034044493601745e-01,3.443589743589743901e-01,5.243986254295532889e-01,2.146658781785926173e-01,2.580348943985307231e-01
