2.335569812429599823e-01,4.846127832262426827e-01,2.564376155925451872e-01,1.310821247747361029e-01,5.955583641780266557e-01,6.713877500310598823e-01,5.325679475164010190e-01,4.246023856858846535e-01,4.607581420181529053e-01,6.838668913226619850e-01,6.739091073691833023e-02,2.734749828649760128e-01,6.040616312491167011e-02,3.200983193810959249e-02,1.847911071829213825e-01,5.223887361392270945e-01,1.955303030303030265e-01,2.712634968744080388e-01,1.408228738672820390e-01,3.173306800436687669e-01,2.343395950588406662e-01,7.638592750533049758e-01,2.194092827004219259e-01,1.210301707026597839e-01,7.536815690418015024e-01,1.000000000000000000e+00,9.444444444444445308e-01,7.594501718213058084e-01,5.521387739010448215e-01,1.000000000000000000e+00
5.538469072922278524e-01,3.111261413594859082e-01,5.369184805804524396e-01,4.151720586973312033e-01,2.666787036201138106e-01,1.765436700211206189e-01,2.172211808809746680e-01,2.796719681908548805e-01,4.159103043246129561e-01,1.010951979780938537e-02,2.093427485062465676e-01,2.166530323465032937e-01,2.101022475616077245e-01,1.390143407334356873e-01,9.229357174422953003e-02,1.835362721696830735e-01,1.020202020202020110e-01,2.578139799204394733e-01,1.747340575223729209e-01,6.188245374017108114e-02,4.985746655946202144e-01,3.654051172707889483e-01,4.763865588938029916e-01,3.261214767764986089e-01,2.042527900680181641e-01,1.931775184096399534e-01,2.741025641025641169e-01,4.185567010309278468e-01,2.515276956436034439e-01,6.801784074511346700e-02
2.551055389588128275e-01,2.100101454176529492e-01,2.548015364916772496e-01,1.466575130867587839e-01,3.082061930125485905e-01,2.225431730649770345e-01,1.146672914714151614e-01,1.534791252485089574e-01,3.262146289375335018e-01,2.609519797809602970e-01,3.722614521093606937e-02,9.045081695372438058e-02,4.391462093012298701e-02,1.837511533476030717e-02,1.227521501172791352e-01,9.531075324047498520e-02,3.813131313131312705e-02,1.436635726463345308e-01,1.851466201384588950e-01,3.427856777634978591e-02,2.120459030772604003e-01,2.611940298507463565e-01,2.169691423923542084e-01,1.042576419213973593e-01,3.964207884831276174e-01,2.207313405322544886e-01,1.786324786324786362e-01,3.477663230240549685e-01,3.910900847624679821e-01,1.714548078184441882e-01
5.073216122239091463e-01,2.177882989516400913e-01,5.141556409162043595e-01,3.585342830172487671e-01,4.863230116457524232e-01,5.937383525903840997e-01,3.945641986879099838e-01,5.367793240556660850e-01,5.258942872397224244e-01,3.532013479359730201e-01,3.147202607278652420e-01,4.165469057463132285e-02,2.616972152853036526e-01,2.390707473692468277e-01,2.116803209028793042e-01,4.183007523340483980e-01,1.176262626262626204e-01,3.921197196438719335e-01,2.536725389767546801e-01,2.127883034147285413e-01,5.011329581170966829e-01,1.836353944562900686e-01,4.860454476132377577e-01,3.439857086145295950e-01,5.060423958264543831e-01,5.201366048646078877e-01,3.235897435897436281e-01,7.223367697594501591e-01,4.309087325054208328e-01,3.657352748261838982e-01
3.515843087320632554e-01,2.353736895502197557e-01,3.607910086783325809e-01,2.197288251952287108e-01,5.738918479732779687e-01,4.393713504783203216e-01,3.959700093720711633e-01,4.434890656063617542e-01,5.285638013881474029e-01,3.732097725358043405e-01,1.141046532681513348e-01,1.297397687324504112e-01,1.051689205107666225e-01,6.421017635478652730e-02,1.792160995342828578e-01,1.708463002689065424e-01,7.603535353535353924e-02,2.407652964576624255e-01,1.145100467158214480e-01,1.032710086646490832e-01,3.702945691104450598e-01,4.091151385927506157e-01,3.691220578516597461e-01,2.162068281063914132e-01,7.701908472561578289e-01,4.081749473663784933e-01,4.020512820512820995e-01,6.965635738831614798e-01,3.981864774295289511e-01,3.375311557129739293e-01
5.043831725353835616e-01,2.265809942509294794e-02,5.326504481434058969e-01,3.563889127263365486e-01,5.937528211609641726e-01,7.894148341408872005e-01,7.031396438612932398e-01,7.311133200795228992e-01,6.684463427656167633e-01,6.055181128896378606e-01,3.561470215462609890e-01,1.200999358818457124e-01,3.690335956273854134e-01,2.738112581668216694e-01,1.592956453751232238e-01,3.476750158624648535e-01,1.356818181818181535e-01,3.006251183936351490e-01,3.116451848933415869e-01,1.830424388154167081e-01,6.104085958628753250e-01,1.415245202558635396e-01,6.614305322556046640e-01,4.454644700277887726e-01,6.011358383411478101e-01,6.192915563058474238e-01,6.084615384615384981e-01,9.120274914089346874e-01,5.984624482554702363e-01,4.188639643185098627e-01
5.063421323277340624e-01,2.414609401420357848e-01,4.949494949494949170e-01,3.516690980863297344e-01,3.325810237428907801e-01,3.098521555472729672e-01,2.553889409559512158e-01,3.108349900596421578e-01,2.952482648158034628e-01,1.651221566975566990e-01,6.775303277204416941e-02,5.052068363218291391e-02,5.484615747066862862e-02,5.410554391312630274e-02,8.172145358126253756e-02,9.508414659938967117e-02,7.512626262626262430e-02,1.847508997916271767e-01,7.131198288962682652e-02,5.324544311319319434e-02,4.276734156859877678e-01,2.665245202558635951e-01,4.006405368308678661e-01,2.650853513298928044e-01,3.640626031829888309e-01,2.321797595831999461e-01,3.666666666666666963e-01,5.274914089347079171e-01,2.517248176621329492e-01,1.784730421094057884e-01
3.383613301336989565e-01,4.592492390936758762e-01,3.275714895433204932e-01,2.120913069595812550e-01,3.086575787668142112e-01,1.333084855261523483e-01,1.965791940018744022e-01,2.619781312127236750e-01,2.455953016550989076e-01,8.845829823083395382e-02,1.101575230852797349e-01,2.796657012094009853e-01,1.016350186118833432e-01,4.895050037542164612e-02,2.243260699595471808e-01,1.088316161585642095e-01,8.558080808080806290e-02,2.985413904148512820e-01,1.339280688917656170e-01,6.827384160413471625e-02,2.599225202836049076e-01,5.247867803837954481e-01,2.425397793706471905e-01,1.326419213973799305e-01,3.964207884831276174e-01,1.269125166147606898e-01,2.286324786324786529e-01,4.670103092783504661e-01,1.797752808988764550e-01,8.736717827626921951e-02
6.180028404916988460e-01,5.867433209333783317e-01,6.044956608336889969e-01,4.795331674246975373e-01,4.276428635912251641e-01,2.651261026214436489e-01,3.559044048734770205e-01,4.638667992047713629e-01,3.454351308061933690e-01,1.213142375737152889e-01,1.036393264530146574e-01,1.483340334740984590e-01,8.622720633275218760e-02,8.505448283333146009e-02,1.131998504266240324e-01,9.644378644590145822e-02,5.345959595959594995e-02,1.550483046031445322e-01,6.948274891653062613e-02,3.445130798888935975e-02,5.720342080257290185e-01,7.233475479744136960e-01,5.480656804432921803e-01,4.020444620881302167e-01,5.350987254837218376e-01,2.592484792036556795e-01,3.237606837606837873e-01,5.831615120274913355e-01,3.126355213877390904e-01,1.636494818312999588e-01
1.801753269014153558e-01,3.104497801826174852e-01,1.724996443306302529e-01,9.679910752595896617e-02,3.114561704432607936e-01,8.274319791278419989e-02,5.620899718837862880e-02,1.080019880715705899e-01,4.516817939135079341e-01,2.019797809604042538e-01,5.580300561289153888e-02,3.563863892635256159e-01,5.640107430617726653e-02,1.996271932282151981e-02,1.640208042968351321e-01,8.262078133969846805e-02,3.474747474747474224e-02,1.879901496495548219e-01,3.697585411155513424e-01,7.024308002708566645e-02,1.345661866822600583e-01,3.763326226012794207e-01,1.260739159168318690e-01,5.848054783644303367e-02,2.683087895397213152e-01,6.771060725131221314e-02,6.435042735042735551e-02,2.131615120274913677e-01,3.355016755371574844e-01,9.773055227600685457e-02
2.982026543905186289e-01,2.056137977680080331e-01,2.877365201308863529e-01,1.782802711748047442e-01,3.208449941319851950e-01,1.358553857622064598e-01,2.471883786316775994e-02,4.938866799204771202e-02,1.270688734650294860e-01,1.794439764111204205e-01,8.864747419880497636e-02,2.679696654801123901e-02,6.964142675399331850e-02,4.209578668579262717e-02,1.604174456946663163e-01,6.456778559990331012e-02,1.954797979797979687e-02,1.071604470543663506e-01,6.174368210727752826e-02,5.766759255420586538e-02,2.409180615452086172e-01,1.460554371002132368e-01,2.206801891108738922e-01,1.198392219134577219e-01,2.379317176253054611e-01,7.743206139457267656e-02,3.005982905982906156e-02,1.138144329896906976e-01,5.795387344766417259e-02,8.566181293454017132e-02
1.953572652921298225e-01,2.184646601285086254e-01,1.961160904822876194e-01,1.073114219514288148e-01,5.431976166832175323e-01,2.149024723568145057e-01,1.002577319587628635e-01,1.556660039761431358e-01,3.662573411639081788e-01,2.959140690817185781e-01,9.407930472569256408e-02,1.750867806053638120e-01,8.467228949724359133e-02,3.878983485182985191e-02,2.476459190264133081e-01,7.484061999577000523e-02,4.674242424242423810e-02,2.210645955673422869e-01,1.919007148083525238e-01,8.008927214184044518e-02,1.696513412762225004e-01,2.550639658848614655e-01,1.630827105891921591e-01,8.093489479952359344e-02,5.377402099980188588e-01,1.168223845698596053e-01,1.273504273504273421e-01,3.372852233676975620e-01,2.442341809580129697e-01,1.652892561983470565e-01
2.061315441500563006e-01,1.670612106865065338e-01,2.147531654573907600e-01,1.125890328670728635e-01,5.648641328879659973e-01,3.297304012920859728e-01,8.692596063730083367e-02,1.492544731610337960e-01,4.420715429791778339e-01,5.987784330244312336e-01,1.030961434003258848e-01,6.449401932388514058e-02,1.066767186542901813e-01,3.404570058162338653e-02,2.874868273447326317e-01,3.353627216968305680e-01,7.042929292929292484e-02,2.102670960409168399e-01,3.290932627905667207e-01,2.946326161159709134e-01,1.634383451502083306e-01,1.196695095948828169e-01,1.615067866402318253e-01,7.096069868995633079e-02,4.703823548834444312e-01,2.177237050188704781e-01,8.051282051282052099e-02,2.076288659793814328e-01,2.290557855312438384e-01,3.185097730552275963e-01
5.616827464616288568e-01,5.711870138654040474e-01,5.568359652866695653e-01,4.151720586973312033e-01,4.456982937618488849e-01,3.784942228848304779e-01,4.500937207122773231e-01,4.803180914512922839e-01,3.924185798184730567e-01,2.577927548441447669e-01,1.899692196270142686e-01,1.412589267947555460e-01,1.679310182349338376e-01,1.173855711078487518e-01,1.930516368086480639e-01,1.622352479076653586e-01,1.007070707070707033e-01,2.449327524152301594e-01,9.101142567681656803e-02,8.813896604618383368e-02,5.497405160441486416e-01,6.364605543710021296e-01,5.353566163387728505e-01,3.722707423580786101e-01,7.067952189130290996e-01,3.461788475904958862e-01,4.917948717948718573e-01,6.432989690721648834e-01,3.337275773703922699e-01,2.765315492588220070e-01
4.588373573632400504e-01,3.818058843422387216e-01,4.544031867975529826e-01,3.210332103321033026e-01,5.350726731064368025e-01,2.551869797490371461e-01,3.533270852858481081e-01,4.937375745526838555e-01,2.989855846235984771e-01,2.264111204717775827e-01,2.551511859496650159e-01,3.906564372415927688e-01,2.506243226688027459e-01,1.501088909558870033e-01,1.611993065234388067e-01,1.129860712451279670e-01,1.136868686868686695e-01,3.303655995453684269e-01,1.464512860921933779e-01,9.805425424595440309e-02,4.499671076675680337e-01,5.631663113006396548e-01,4.509684306847643320e-01,2.824533545057562600e-01,4.868916330978009799e-01,1.727061928185425754e-01,3.350427350427350737e-01,6.278350515463917425e-01,2.085550956041789528e-01,1.374130919585465072e-01
4.652039766883785399e-01,4.179912073047006293e-01,4.529805093185373943e-01,3.251952286964729932e-01,4.029069242574704335e-01,2.065784569511740776e-01,2.123008434864104566e-01,3.244035785288270635e-01,3.737319807794982074e-01,1.229991575400168902e-01,1.118232844468585729e-01,8.317672289902496019e-02,9.715874287329784309e-02,7.212951860111542490e-02,9.450317843423869379e-02,6.834456295132489145e-02,5.171717171717171713e-02,1.870619435499147609e-01,5.006472674058649874e-02,2.349957851388139937e-02,4.715298589284407371e-01,4.613539445628997981e-01,4.372426414518835180e-01,3.008138150059547211e-01,5.588720861123950279e-01,2.225747300404575524e-01,3.323931623931624668e-01,6.817869415807559230e-01,3.254484525921546023e-01,1.355109536927718850e-01
3.373818502375238726e-01,3.997294555292525420e-01,3.520415421823872570e-01,2.035527332017506297e-01,4.763925250519093213e-01,5.073922226363524191e-01,3.338800374882848199e-01,4.365308151093438838e-01,5.792845702082222159e-01,4.060657118786856756e-01,5.178345102299474617e-02,1.373233987043711024e-01,6.375159025585450112e-02,2.661197837870145008e-02,9.310942652207906955e-02,2.080097894068948794e-01,6.770202020202020776e-02,2.561091115741617741e-01,9.368492148364947203e-02,9.729419731078037259e-02,3.268035962283459273e-01,5.647654584221749596e-01,3.452290173351634239e-01,1.670553791186978887e-01,5.370798388694446590e-01,6.180302898002347778e-01,4.734188034188034355e-01,9.281786941580755235e-01,5.320323280110389463e-01,4.752722025449299115e-01
8.295704980655270733e-01,4.020967196482921890e-01,8.363920899132167852e-01,7.168111215995880414e-01,4.547260088471608563e-01,5.813144489998759434e-01,5.412371134020618202e-01,7.311133200795228992e-01,4.399359316604379844e-01,3.671019376579609528e-01,3.186673909107368696e-01,1.190165601715713478e-01,2.965179286623003119e-01,2.485963712976140827e-01,1.113641771764626032e-01,2.198688702903586201e-01,9.017676767676768845e-02,3.025194165561658766e-01,1.534868013733325931e-01,1.335350939015795546e-01,7.763321394634894457e-01,3.973880597014926019e-01,7.686950332977480205e-01,6.000396982929734335e-01,4.162319223403553869e-01,3.798449612403100861e-01,3.981196581196581596e-01,8.505154639175257492e-01,3.138182534989157890e-01,2.733175914994097622e-01
1.899701258631666390e-01,3.155224890091308243e-01,1.869398207426375969e-01,1.026774221230584427e-01,2.963798862507900367e-01,1.670393837743819609e-01,1.285145267104030042e-01,7.097415506958250353e-02,4.612920448478378121e-01,2.676916596461667019e-01,6.333514394350894805e-02,2.383205465519909749e-01,6.827498468642512197e-02,2.521115133041213971e-02,1.891763266138627164e-01,1.318699580022358320e-01,1.122979797979797856e-01,1.666792953210835260e-01,1.519389880114819791e-01,8.444232549783728392e-02,1.605145822673781364e-01,3.987206823027719116e-01,1.623710029993391535e-01,7.366514489876935246e-02,3.548174073829491459e-01,1.614518147684605998e-01,2.188034188034188310e-01,2.290034364261167854e-01,2.897693672383205854e-01,1.823429096156368723e-01
1.698907879915765307e-01,3.956712884680418929e-01,1.638213117086356752e-01,9.006264481249465215e-02,4.438927507447865128e-01,1.128711641197664151e-01,2.098172446110590020e-02,5.347912524850893801e-02,2.391884676988789149e-01,2.417860151642794442e-01,6.337135614702152364e-02,2.909416524796037962e-01,5.706073599396881829e-02,2.276437341940014056e-02,1.765985654553489381e-01,4.856935673928150510e-02,1.760606060606060425e-02,1.166698238302708857e-01,2.681657004559013235e-01,4.025537913021848269e-02,1.345661866822600583e-01,4.504264392324094368e-01,1.259214071475776575e-01,5.815799920603413609e-02,3.766096546258998479e-01,8.102181991054710486e-02,3.061538461538461722e-02,1.479725085910652826e-01,2.781391681450817721e-01,1.061917880099698674e-01
2.340467211910475243e-01,3.006425431180249630e-01,2.359510598947218707e-01,1.336565691238307541e-01,4.244831633113659297e-01,2.558081749285625595e-01,1.875585754451733478e-01,1.899105367793240684e-01,4.046983449012281353e-01,2.900168491996628628e-01,1.030599311968133092e-01,1.507661013951225870e-01,8.198652405409226351e-02,4.387016761362574901e-02,1.781282931638168143e-01,1.215971236063691507e-01,6.820707070707071606e-02,1.964387194544421344e-01,1.398379017279225422e-01,9.297569199729142919e-02,2.299539507345954026e-01,3.363539445628999092e-01,2.112754816735295527e-01,1.127183406113536901e-01,4.717030971405930528e-01,2.042378554588584749e-01,2.282905982905983067e-01,3.487972508591065113e-01,2.856298048492017516e-01,2.129083038173947284e-01
3.961506440080316827e-01,2.766317213391951135e-01,3.960734101579171940e-01,2.619926199261992661e-01,4.014624898438206024e-01,3.284880109330352571e-01,2.332239925023429916e-01,3.283300198807157511e-01,3.603844100373733150e-01,2.287278854254424232e-01,1.427847184501176703e-01,1.376992637467112091e-01,1.322621684022051436e-01,8.845382313718017087e-02,1.379474453547268609e-01,2.839985497174970508e-01,7.047979797979797567e-02,2.428490244364462647e-01,1.716384307986716928e-01,1.122534997167060622e-01,4.291352971274030037e-01,4.067164179104478805e-01,4.169081388846525016e-01,2.668221516474791333e-01,4.518919632833652833e-01,5.177110923538142950e-01,3.388888888888889062e-01,6.219931271477663337e-01,4.389907352651291061e-01,3.263806900170537761e-01
2.536363191145500906e-01,3.324315184308419546e-01,2.471902119789444185e-01,1.453702909122114306e-01,3.496434052541301796e-01,1.720400049695614553e-01,4.210402999062792112e-02,1.038767395626242485e-01,3.705285638013881000e-01,2.845408593091827143e-01,9.234111895708851936e-02,9.003073249463840189e-02,8.669839325260331186e-02,3.679132159627043763e-02,1.426726042764387969e-01,8.012810828776020800e-02,1.784343434343434176e-02,1.231672665277514650e-01,2.018911465075701739e-01,5.124165664773433493e-02,2.109494919961991122e-01,3.294243070362473658e-01,2.066493823394844886e-01,1.000645097260817740e-01,3.317044178828500445e-01,1.338009721454143375e-01,6.091452991452991905e-02,2.193814432989690255e-01,3.445692883895131731e-01,1.463334645152826741e-01
6.165825946422448522e-02,2.045992560027053431e-01,7.696685161473892922e-02,3.209473955204666940e-02,3.790737564322471664e-01,3.132687290346627407e-01,2.170337394564198219e-01,1.147117296222664035e-01,7.367859049652969450e-02,4.564026958719460403e-01,7.304001448488137149e-02,1.363726812443343817e-01,1.188804598784337918e-01,1.893544615407603479e-02,5.655573307951184958e-01,4.878689911472338103e-01,2.339141414141413799e-01,4.372040159121045599e-01,2.245455057128383780e-01,1.625899976507331202e-01,2.689861852203784265e-02,1.345948827292111072e-01,4.499008692999845183e-02,1.151250496228661824e-02,3.085914283827511650e-01,1.558246257434195980e-01,1.319658119658119744e-01,1.321649484536082386e-01,1.714961561206390650e-02,1.454807818444183165e-01
1.742984475243645193e-01,1.714575583361513944e-01,1.668800682885189790e-01,9.422466317686431503e-02,2.747133700460414607e-01,6.566033047583552662e-02,2.281396438612933071e-03,1.461729622266401581e-02,3.235451147891085233e-01,2.285172704296545287e-01,3.726235741444865884e-02,1.401755510844812092e-01,3.637563021250531797e-02,1.544271738034135380e-02,1.327123771968589661e-01,3.106021693809105783e-02,2.458838383838383469e-03,5.571130896003030630e-02,1.282996566668542782e-01,3.921893785498113683e-02,1.491850010964110851e-01,2.675906183368870206e-01,1.402572314574754286e-01,6.676756649464073157e-02,3.000066037112856798e-01,6.854498355502518236e-02,4.716239316239316526e-03,5.728522336769758388e-02,2.464025231618371947e-01,1.255411255411255089e-01
3.349331504970860518e-01,3.256679066621575025e-01,3.295632380139422724e-01,2.099459366686690365e-01,2.821160964159971085e-01,1.694620449745310176e-01,2.065838800374882600e-01,1.453777335984095531e-01,1.633742658836091488e-01,1.579612468407749493e-01,5.142132898786890699e-02,2.193061973512569485e-01,5.828582198558168032e-02,3.032883948016241657e-02,8.274127205357445503e-02,1.319454935492642977e-01,8.532828282828282263e-02,1.676075014207236147e-01,8.524230314628243599e-02,4.947970647983085390e-02,2.785615086616475833e-01,4.363006396588486879e-01,2.725331706573127510e-01,1.505805875347359934e-01,2.491580268110677454e-01,2.305304110758603364e-01,3.229914529914530430e-01,3.296907216494844861e-01,1.785925487876995899e-01,1.284927194018103402e-01
6.816690337430822977e-01,4.250929996618193485e-01,6.862996158770807709e-01,5.305929803484080720e-01,5.784057055159339544e-01,5.754130947943845165e-01,6.583880037488284431e-01,7.763419483101391405e-01,5.312333155365723814e-01,3.390901432181971931e-01,1.856599674090168017e-01,1.235490503880253971e-01,1.602506714413608202e-01,1.385660760779830747e-01,1.190468096678791166e-01,2.586941414629725378e-01,1.191414141414141314e-01,2.439856033339647678e-01,1.768447121067146521e-01,1.082459267857883156e-01,6.414735764929464512e-01,4.456289978678038555e-01,5.973768491688271620e-01,4.608475585549821618e-01,5.218913029122367320e-01,5.281893064004423710e-01,6.028205128205128549e-01,8.323024054982817166e-01,4.460871279321900751e-01,2.994883903974813744e-01
1.728292276801018934e-01,3.432532972607371669e-01,1.708635652297624263e-01,9.306616321977173589e-02,4.763925250519093213e-01,1.377500310597589983e-01,1.172914714151827506e-02,3.768886679920476629e-02,4.127068873465028487e-01,2.173546756529063373e-01,6.739091073691833023e-02,3.546176125936898460e-01,5.663666776610282866e-02,2.394106813996316543e-02,3.799503688343474628e-01,6.063993715442488053e-02,8.325757575757574899e-03,9.408978973290395287e-02,4.861259638655935356e-01,3.690421900695105284e-02,1.206783129888165940e-01,3.667377398720683690e-01,1.139748868893294409e-01,5.272429535529972455e-02,4.703823548834444312e-01,6.733222729962841380e-02,1.141025641025641101e-02,6.948453608247422142e-02,3.404297260003942283e-01,6.677161222615768388e-02
2.795925363631911464e-01,3.655732160973959033e-01,2.896571347275572750e-01,1.657513086758774790e-01,5.233366434955313284e-01,3.834637843210337849e-01,3.385660731021555292e-01,4.061630218687872773e-01,5.066737853710626682e-01,4.905223251895534098e-01,1.010682600036212075e-01,1.256936921002012042e-01,1.100692644772181261e-01,5.018322817791623369e-02,1.258116055342149153e-01,1.483367072544339305e-01,8.717171717171717793e-02,2.526993748816063756e-01,1.290032081949681886e-01,1.074513218081063481e-01,2.825816826255390102e-01,4.701492537313433084e-01,2.989680239947130058e-01,1.540293767368003108e-01,5.694380241695833345e-01,3.476341550969720418e-01,4.364102564102564918e-01,7.048109965635738217e-01,3.981864774295289511e-01,3.663911845730027372e-01
1.919290856555169178e-01,2.133919513019951752e-01,1.959026888604352701e-01,1.020338110357847661e-01,5.070867563419698687e-01,2.899739098024599615e-01,1.662839737582005595e-01,2.235089463220675809e-01,3.838761345435129924e-01,2.788542544229148934e-01,4.856056491037479689e-02,8.220389573061533117e-02,4.287800970645053861e-02,1.697428828647099680e-02,1.417887616004351314e-01,1.286974650270417131e-01,6.643939393939393701e-02,2.470164803940140263e-01,1.491247818990262819e-01,3.756063181460136957e-02,1.447993567721657659e-01,2.038912579957357085e-01,1.394946876112043155e-01,6.254962286621675027e-02,4.644390147262760782e-01,1.840575913690562782e-01,1.967521367521367637e-01,3.797250859106529042e-01,2.408831066430120460e-01,1.261314443132625085e-01
2.531465791664625486e-01,2.803517078119714956e-01,2.508891734243846594e-01,1.441259761434823816e-01,4.216845716349192363e-01,2.236923841470990493e-01,9.111996251171508576e-02,1.150596421471172942e-01,2.941804591564336491e-01,2.108256107834878268e-01,5.576679340937894941e-02,1.620420526653253424e-01,4.810818451679781810e-02,2.530453980029809605e-02,1.216983376958901131e-01,1.027132368492612580e-01,5.229797979797979474e-02,1.549346467133926875e-01,1.350537513367479625e-01,6.747923662645273490e-02,2.032746144287698731e-01,3.411513859275053795e-01,1.900767627471912635e-01,9.887356093687971192e-02,3.812322525259194683e-01,1.812439968565358051e-01,1.479487179487179727e-01,2.723711340206185216e-01,2.393061304947762258e-01,1.583366128820674068e-01
6.317155590381507979e-01,3.899222184646600198e-01,6.393512590695690223e-01,4.932635372865356027e-01,5.043784418163762551e-01,4.378183625295067882e-01,5.126522961574507820e-01,5.571570576540755271e-01,3.635878270154832004e-01,2.582139848357203338e-01,1.734202426217635318e-01,1.887947997965906399e-01,1.625123686566461445e-01,1.275462366314405183e-01,1.683720297786993891e-01,1.880684049913889655e-01,1.025757575757575563e-01,2.801666982383027027e-01,4.626554848877133252e-02,9.784696599090697555e-02,5.548571010891016897e-01,4.994669509594883428e-01,5.526409435209190812e-01,3.812028582770941032e-01,4.967972000264148646e-01,3.225058454851510437e-01,4.426495726495727201e-01,7.261168384879723714e-01,1.803666469544648598e-01,2.292404565131838656e-01
4.431656790244379307e-01,4.017585390598579220e-01,4.423104282259211484e-01,2.999656740753453565e-01,3.924347747585087420e-01,3.421543048825941291e-01,3.158388003748828221e-01,2.991053677932405397e-01,3.892151628403631713e-01,1.390058972198819909e-01,1.267427122940430750e-01,1.232837338875500260e-01,1.060641756584837503e-01,7.169993163964002991e-02,1.381174151001121619e-01,1.660120252590869538e-01,9.330808080808079830e-02,2.263686304224284962e-01,2.815331794900657880e-01,6.115694484750493209e-02,4.141510123528981402e-01,4.530916844349680561e-01,4.016572619592293503e-01,2.494541484716157331e-01,5.621739417552664708e-01,3.455967245879054683e-01,4.623076923076923639e-01,6.230240549828177654e-01,6.501084171101912945e-01,2.052341597796142891e-01
2.384543807238356239e-01,3.165370307744335143e-01,2.418551714326362401e-01,1.353299579507422912e-01,3.156991965333574290e-01,2.495962231333085091e-01,2.413308341143392544e-01,2.182405566600397750e-01,1.954084356647090015e-01,2.502106149957876724e-01,9.005975013579575750e-02,2.467222357337107153e-01,1.156763888234462745e-01,3.864041330001231900e-02,2.767107454873032335e-01,2.971417349004441544e-01,1.583585858585858652e-01,3.724190187535518226e-01,2.604266336466481979e-01,1.143609303096886354e-01,1.714786930779913510e-01,2.774520255863539564e-01,1.755375934116211178e-01,8.033942040492259018e-02,2.537806247110875879e-01,1.677581472965237464e-01,2.041025641025641379e-01,3.183848797250858897e-01,1.095998423023852308e-01,1.104552013642922659e-01
4.539889318771733739e-02,7.034156239431849089e-02,4.566794707639776352e-02,2.321290654767012296e-02,4.052541301796516171e-01,9.094297428251960080e-02,4.828959700093719831e-02,3.876242544731610395e-02,2.754938601174586887e-01,4.614574557708508440e-01,1.607821835958717777e-02,4.808861571115878586e-02,1.361730198369693473e-02,2.839009484533002239e-03,2.854471904001087412e-01,5.693869535003172333e-02,5.002525252525251431e-02,1.087706004925175357e-01,1.831766758597399014e-01,6.540635407597805706e-02,3.029749287332794694e-02,9.008528784648189847e-02,2.750241472217979100e-02,1.272826518459704848e-02,6.744370336128904242e-01,9.373150546710520836e-02,9.982905982905983244e-02,1.518556701030927825e-01,3.262369406662725124e-01,2.310114128295947533e-01
5.798031245408687973e-01,3.107879607710516412e-01,5.803101436904254395e-01,4.490689092937441007e-01,5.630585898709037362e-01,4.371971673499814859e-01,5.147610121836925234e-01,5.278330019880715929e-01,3.336892685531234193e-01,3.277169334456615513e-01,3.619409741082744159e-01,1.766344601914700552e-01,3.053291240635160331e-01,2.357087624533524550e-01,1.476357208416901878e-01,2.191890503671027890e-01,1.423737373737373468e-01,3.282818715665846154e-01,1.541903529014464480e-01,1.344678910492931312e-01,6.305094656823331256e-01,3.789978678038379289e-01,5.928015860912002610e-01,4.539003572846367351e-01,5.172687050122168895e-01,3.728594852092247391e-01,5.231623931623932133e-01,6.804123711340206437e-01,2.765621919968460629e-01,2.902400629673357879e-01
5.425828884862138324e-01,3.963476496449103159e-01,5.333617868829136910e-01,3.954346520209388594e-01,3.478378622370679185e-01,3.626537458069325481e-01,2.483598875351452351e-01,3.026838966202783365e-01,4.196476241324079703e-01,2.289385004212298735e-01,1.921781640412818792e-01,2.582192840876428863e-01,1.701927154502191064e-01,1.521260819054236213e-01,1.983546928646700569e-01,2.716107200048342163e-01,9.883838383838383645e-02,3.440045463155900207e-01,1.941520796983171038e-01,1.226524605115874300e-01,5.797090855931583686e-01,5.956823027718549657e-01,5.419653296731228309e-01,4.092397776895593253e-01,5.192498183979394888e-01,4.418410610161928043e-01,3.960683760683760823e-01,7.037800687285222789e-01,4.167159471712991170e-01,2.863701954611045930e-01
5.053626524315588675e-01,3.669259384511327493e-01,5.013515436050647311e-01,3.589633570754312553e-01,4.285456350997561836e-01,3.275562181637470260e-01,2.741330834114338866e-01,3.857852882703777797e-01,5.066737853710626682e-01,2.276748104465038391e-01,2.329531051964511545e-01,2.047137898251121801e-01,2.165575083635678244e-01,1.549090583080250383e-01,2.136179760002719363e-01,1.811946702118016894e-01,9.436868686868686573e-02,3.121803371850729314e-01,2.967298924973264529e-01,1.071403894255351652e-01,4.697025071266719976e-01,3.742004264392324586e-01,4.519851558131259273e-01,2.983326716951171242e-01,3.944396750974046850e-01,1.992898099368396458e-01,2.174358974358974739e-01,5.116838487972508176e-01,3.323477232406860660e-01,1.391184573002754443e-01
6.155541407512611363e-01,4.504565437943861550e-01,6.009389671361502483e-01,4.692353900283188217e-01,3.444073305046493338e-01,3.350105603180519864e-01,3.432521087160261830e-01,4.315606361829025239e-01,4.954618259476776254e-01,1.375315922493680620e-01,2.339670468948035487e-01,2.535762453293241014e-01,1.789096734674645306e-01,1.514163295342903781e-01,1.462759628786075849e-01,2.402634679880351343e-01,1.068686868686868491e-01,2.403864368251562578e-01,2.629594191478583642e-01,1.214778270663184334e-01,5.680140340618373695e-01,5.215884861407250606e-01,5.165472014640841714e-01,3.787217149662564508e-01,3.158555107970680287e-01,3.168786564601100419e-01,3.502564102564102999e-01,5.405498281786941250e-01,4.186871673565938368e-01,1.878525514889150538e-01
8.041529947597825245e-02,4.135948596550557133e-01,7.888746621140985127e-02,4.016133184587659943e-02,3.590322289428545810e-01,1.012858740216176223e-01,9.362699156513588916e-02,6.371769383697811762e-02,2.802989855846236278e-01,3.327716933445661329e-01,6.873076226688393242e-02,3.353821663092263483e-01,6.426989586769071838e-02,2.065379399997758006e-02,3.136621681340721057e-01,1.157808864851799513e-01,1.009090909090909066e-01,2.428490244364462647e-01,4.180221759441660745e-01,1.288020120779956312e-01,4.265039105328560787e-02,3.472814498933902705e-01,4.254994662193073429e-02,1.791385470424772253e-02,2.584032226111074304e-01,5.403071669043668646e-02,6.831623931623932722e-02,8.810996563573880724e-02,1.714961561206386764e-01,1.239013511740784113e-01
1.943777853959547386e-01,2.489009130875886600e-01,1.833831270450988482e-01,1.075259589805200311e-01,2.074568926604676289e-01,3.994285004348366308e-02,1.946110590440487328e-02,5.775347912524850941e-02,2.690870261612386960e-01,1.548020219039594192e-01,8.759732029694006217e-02,6.860642508125318340e-02,6.917023983414222199e-02,3.591346997934247165e-02,1.655505320053030083e-01,3.005559416261292804e-02,1.502272727272727267e-02,1.192650123129380541e-01,2.009061743682106771e-01,6.126058897502865974e-02,1.681894598348073755e-01,2.057569296375266754e-01,1.480351786894412713e-01,7.912366018261213219e-02,1.876114376279469087e-01,3.635358151177343899e-02,2.603418803418803759e-02,1.464604810996563422e-01,2.298442736053617486e-01,8.664567755476848543e-02
4.216171213085851965e-01,2.025701724720999630e-01,4.038981362925024854e-01,2.786406933836780286e-01,3.759140561523879320e-01,1.356690272083488913e-01,1.294751640112464797e-01,2.267892644135189040e-01,2.904431393486386348e-01,1.392165122156696633e-01,3.447401774397971380e-02,2.398903358464703206e-02,1.832917118220798308e-02,2.590222600756819996e-02,1.931196247068021621e-01,6.811795631023959130e-02,6.237373737373736599e-02,2.710740670581549550e-01,7.820678786514324854e-02,5.784033276674543922e-02,3.158394854177326017e-01,1.529850746268657802e-01,2.811753342483859219e-01,1.748213576816196879e-01,4.241563758832463393e-01,1.055680065197776296e-01,1.664102564102564463e-01,4.663230240549827710e-01,1.448846836191602927e-01,1.132100223009314122e-01
9.936823546696704756e-02,2.877916807575243707e-01,9.112249253094317769e-02,5.050201664807346669e-02,1.522975534892119232e-01,0.000000000000000000e+00,0.000000000000000000e+00,0.000000000000000000e+00,2.594767752269088179e-01,3.056023588879528408e-01,8.777838131450296788e-02,1.000000000000000000e+00,6.940583329406777024e-02,2.780735079324166484e-02,0.000000000000000000e+00,2.812943771338791837e-02,0.000000000000000000e+00,0.000000000000000000e+00,4.236505881690774689e-01,2.740350731727539749e-02,4.714567648563700031e-02,2.348081023454158256e-01,3.944893498042800761e-02,1.989876935291783056e-02,0.000000000000000000e+00,0.000000000000000000e+00,0.000000000000000000e+00,0.000000000000000000e+00,6.780997437413760487e-02,6.919847828938735512e-02
2.653900778686517636e-01,1.978356442340208909e-01,2.794849907525963628e-01,1.543808461340427651e-01,7.869459239866389844e-01,4.754006708907939638e-01,4.852389878163073655e-01,4.771868787276341561e-01,4.046983449012281353e-01,5.678180286436393942e-01,1.011406844106463587e-01,1.241902319308408192e-01,7.788719785138764617e-02,5.203231988165811506e-02,1.852330285209232985e-01,1.972082061818291598e-01,1.382070707070706950e-01,2.629285849592726265e-01,1.067709799065683501e-01,2.143084172850766300e-01,2.789269790220011980e-01,2.766524520255864150e-01,2.638910070662396912e-01,1.497618102421595931e-01,7.596249091989697444e-01,3.712101367018850739e-01,5.449572649572649308e-01,6.824742268041236182e-01,3.118470333136211803e-01,5.605404696313789348e-01
2.374749008276604290e-01,2.235373689550219645e-01,2.370892018779342525e-01,1.312537543980090982e-01,5.702807619391532246e-01,2.641943098521555289e-01,1.388940955951264988e-01,1.629721669980119247e-01,4.143085958355580134e-01,3.403538331929232275e-01,5.294224153539741490e-02,1.620420526653253424e-01,3.811902181595438338e-02,2.183048872054060494e-02,2.715776591766664860e-01,9.561289542858869561e-02,6.502525252525251376e-02,2.199280166698238115e-01,2.832217031575393063e-01,5.476555698354131085e-02,1.787881002850668644e-01,2.500000000000000000e-01,1.635910731533729567e-01,8.148074632790788807e-02,5.734002509410287551e-01,1.434060016881567312e-01,1.614529914529914678e-01,2.890378006872852401e-01,3.134240094618568895e-01,1.334120425029515222e-01
3.217101718987217529e-01,3.361515049036184477e-01,3.550291648883198148e-01,1.971595297348322229e-01,2.323733862959286300e-01,6.207603428997392481e-01,7.036082474226803551e-01,3.875745526838965671e-01,2.867058195408436205e-01,5.840353833192921673e-01,9.100126742712294492e-02,2.493754007384642590e-01,1.244875842246619124e-01,4.192768743999790437e-02,1.218683074412754419e-01,5.396863764087379556e-01,3.623737373737373479e-01,4.341731388520552737e-01,2.501547813361850725e-01,4.175200033166121538e-01,2.420144726262700163e-01,3.121002132196162293e-01,2.669411824513242548e-01,1.204346963080587529e-01,1.209799907548040898e-01,3.803300637424688047e-01,5.797435897435898600e-01,5.171821305841923788e-01,1.642026414350483687e-01,3.486816214088941934e-01
4.132915421910964282e-01,2.762935407507608465e-01,4.202589273011808624e-01,2.732343602505792335e-01,4.637537239324728278e-01,4.114175673996770533e-01,3.172446110590440016e-01,3.852882703777336104e-01,4.436732514682329986e-01,3.199241786015163402e-01,8.057215281549878760e-02,7.154701629485506198e-02,6.719125477076759445e-02,5.272339455881418224e-02,8.403304211850290417e-02,1.938846421125781927e-01,6.727272727272726183e-02,1.717560143966660458e-01,1.287217875837226577e-01,1.009562898166189993e-01,4.214604195599736536e-01,4.061833688699361122e-01,3.975903614457830804e-01,2.573938070662961652e-01,4.849105197120782695e-01,5.366300899380038736e-01,4.507692307692308109e-01,6.405498281786941028e-01,5.332150601222157560e-01,4.477239931785387816e-01
4.132915421910964282e-01,3.709841055123435094e-01,4.280836534357660428e-01,2.696301381618466664e-01,5.811140200415274570e-01,5.552242514598088041e-01,4.034676663542642316e-01,5.109343936381709472e-01,5.323011211959424172e-01,4.970513900589721423e-01,1.657432554770957855e-01,1.571779168232770862e-01,1.459265890778871921e-01,8.849117852513456450e-02,1.806098514464425098e-01,1.661630963531438021e-01,8.050505050505049609e-02,2.456904716802424393e-01,1.267518433050036641e-01,1.121844036316902160e-01,4.488706965865068566e-01,5.186567164179105571e-01,4.184332265771949499e-01,2.707919809448193771e-01,7.114178168130489421e-01,3.842108837597384419e-01,4.088888888888889128e-01,7.123711340206185794e-01,4.220382416715947604e-01,3.880362062180244265e-01
1.821342866937656346e-01,1.761920865742305775e-01,1.821738511879357203e-01,9.937355187505364507e-02,3.426920646384400415e-01,1.804882594111069938e-01,1.448219306466728973e-01,1.173459244532803064e-01,0.000000000000000000e+00,2.571609098567817497e-01,8.071700162954914548e-02,1.649163147538083574e-01,5.395090232295151472e-02,2.982454174277826900e-02,1.918278546418737407e-01,2.588452125570293028e-01,1.493686868686868729e-01,3.243038454252699099e-01,1.937299487814487242e-01,1.343642469217694035e-01,1.349316570426138395e-01,1.513859275053305309e-01,1.252096995577245409e-01,6.044065105200475962e-02,2.702899029254441365e-01,1.297261111272812184e-01,1.408547008547008650e-01,2.163573883161512001e-01,4.849201655824958435e-02,1.261314443132625085e-01
3.471766491992751558e-01,4.812309773419005676e-01,3.519704083084365109e-01,2.136359735690379902e-01,5.829195630585899401e-01,3.865697602186607407e-01,2.968603561387066492e-01,4.487574552683896156e-01,4.196476241324079703e-01,3.491996630160068005e-01,8.915444504798117342e-02,2.031661102390059370e-01,7.977194553079208772e-02,5.311562613233519747e-02,1.696298058945507337e-01,1.517358068707133634e-01,5.845959595959595440e-02,2.242849024436446292e-01,1.564417177914110280e-01,8.046930060942747431e-02,3.154740150573787649e-01,5.695628997867804300e-01,3.055767373290630973e-01,1.740522032552600240e-01,6.183054876840783365e-01,3.049451349070059214e-01,2.584615384615384648e-01,5.546391752577318757e-01,3.461462645377488823e-01,2.234684507411781040e-01
8.394142710220869885e-02,4.054785255326343041e-01,8.308436477450559243e-02,4.325066506479016692e-02,4.673648099665975719e-01,1.184929804944713783e-01,4.796157450796625227e-02,6.247514910536779154e-02,4.580886278697279268e-01,3.380370682392586090e-01,1.154082925946043892e-01,5.562581529549625037e-01,9.433162135419120853e-02,3.430718829730405872e-02,4.428391746269164098e-01,1.036951989606308966e-01,3.452020202020201350e-02,1.643114226179200332e-01,3.174143074238756634e-01,1.276619266752345716e-01,7.938016226883998216e-02,5.122601279317697820e-01,7.239082913934219432e-02,3.369392616117505845e-02,5.377402099980188588e-01,8.926856244724511169e-02,5.248717948717949305e-02,1.295532646048109804e-01,2.576384782180169974e-01,1.836547291092745504e-01
3.212204319506342109e-01,4.206966520121743214e-01,3.449992886612605059e-01,2.039388998541148690e-01,4.718786675092533356e-01,5.508758852031309106e-01,5.002343017806935022e-01,4.300695825049701271e-01,4.175120128136678987e-01,4.835720303285593324e-01,2.144124569980082884e-01,2.002918481505228665e-01,2.174998822032700174e-01,1.008184565500804958e-01,2.615494441989325014e-01,5.102275130676495740e-01,1.742171717171716872e-01,3.500663004356885932e-01,1.282996566668542782e-01,1.802785954147838043e-01,3.286309480301147778e-01,4.661513859275054905e-01,3.284530527171978243e-01,1.825873362445414871e-01,6.130225186554842942e-01,5.796101716292653139e-01,5.916239316239316759e-01,6.134020618556700333e-01,2.521190616991918487e-01,3.814771087498360358e-01
8.878985258827559734e-02,9.232330064254301583e-02,8.834827144686302480e-02,4.440916502188275994e-02,4.493093797959737401e-01,1.288358802335694275e-01,6.925960637300843104e-02,1.031809145129224670e-01,3.459690336358782758e-01,4.020640269587194560e-01,6.003983342386382677e-02,1.359083773685025309e-01,5.428073316684729060e-02,1.661941210090437174e-02,2.683142400652683279e-01,8.541559657975042463e-02,5.012626262626262291e-02,2.691797688956241164e-01,1.743119266055045413e-01,7.162500172740213222e-02,5.672099992690593506e-02,9.701492537313438635e-02,5.408977682883425731e-02,2.265283842794758862e-02,4.043452420260185698e-01,8.490263992781675595e-02,7.578632478632478520e-02,2.139862542955326408e-01,1.744529863985807561e-01,1.488259215531942403e-01
2.315980214506097035e-01,1.802502536354412266e-01,2.183098591549295087e-01,1.313395692096455958e-01,2.404080527218560581e-01,3.258168716610759796e-02,2.467197750702904840e-02,5.506958250497017565e-02,2.023491724506140121e-01,1.596461668070765505e-01,1.376063733478177786e-03,6.907072895708506188e-02,0.000000000000000000e+00,4.116563752572851426e-03,5.275860896760374563e-02,1.448771792005317666e-02,1.639646464646464519e-02,7.126349687440802771e-02,1.311138627793099753e-01,1.607174937468042533e-02,1.652656969519771812e-01,2.225479744136461546e-01,1.492552488434751301e-01,7.934696308058752923e-02,2.148187281252063596e-01,4.896624656789980157e-02,5.335897435897435370e-02,1.392439862542955153e-01,2.633550167553716514e-01,8.389085661812933914e-02
3.393408100298740404e-01,4.839364220493742597e-01,3.318395219803670360e-01,2.112331588432163343e-01,3.350185068159249324e-01,1.944962107094048986e-01,7.268041237113401221e-02,1.469681908548707561e-01,2.765616657768287245e-01,1.832350463352989678e-01,9.436900235379322432e-02,1.655796060049967711e-01,7.171464920133818755e-02,5.035132742371094261e-02,1.072509093381378009e-01,1.145723177327250264e-01,2.830808080808080648e-02,1.630232998673991351e-01,1.824731243316260465e-01,6.903389853930876063e-02,2.716175718149257956e-01,4.554904051172707913e-01,2.460983173199126073e-01,1.439311234616911517e-01,2.663276761539984938e-01,1.448613091946328313e-01,7.853846153846154310e-02,2.386941580756013759e-01,1.886457717327025274e-01,1.142594778958415103e-01
5.827415642293941600e-01,5.170781197159282083e-01,5.675060463792858112e-01,4.379129837810006309e-01,4.565315518642232284e-01,2.337868058143869054e-01,3.877694470477975330e-01,4.504473161033797357e-01,2.648158035237587749e-01,8.319292333614147772e-02,1.288792323012855068e-01,2.239492361095756778e-01,1.017292559958535847e-01,9.222671732057272087e-02,3.462963592480538533e-01,1.229567634528809517e-01,1.239141414141413933e-01,2.839552945633642689e-01,1.199977486351100492e-01,3.151472437571686824e-02,4.664132738834880221e-01,5.047974413646055813e-01,4.336841035026181013e-01,2.970921000396982703e-01,5.390609522551672583e-01,1.525259287287403787e-01,3.399145299145299171e-01,5.037800687285223233e-01,1.435048294894540333e-01,3.850190213826576446e-02
1.380576913658847493e-01,4.524856273249914240e-01,1.346564233888176698e-01,7.028233073028403166e-02,4.411844362191930102e-01,1.383091067213318703e-01,5.845829428303654651e-02,9.319085487077534424e-02,2.819006940736786815e-01,3.285593934288122409e-01,6.347999275755927817e-02,1.726547126843396840e-01,7.218583612118928405e-02,2.569677137381909740e-02,2.874868273447326317e-01,8.624648759706318724e-02,4.699494949494948531e-02,2.367872703163478032e-01,3.765126357854448602e-01,3.718060334701435432e-02,8.230392515167017642e-02,3.251599147121535527e-01,7.935539626861870532e-02,3.451270345375148652e-02,2.848180677540777528e-01,5.709656450407971096e-02,3.553846153846153960e-02,1.073883161512027423e-01,1.304947762665090161e-01,8.349731077003813562e-02
1.591165091336500526e-01,3.003043625295906960e-01,1.598378147673922278e-01,8.564318201321546864e-02,4.312539496253499083e-01,1.589017269225991014e-01,1.158388003748828249e-01,1.457256461232604439e-01,1.703150026695142705e-01,3.409856781802864667e-01,9.708491761723700431e-02,3.053129629220190933e-01,1.065353625783348468e-01,3.544652762991269690e-02,2.653567664955637784e-01,1.384415505937094115e-01,5.025252525252524999e-02,2.187914377723053361e-01,1.816288624978893429e-01,6.240067437778976100e-02,1.360280681236751832e-01,3.614072494669510194e-01,1.437140968939047414e-01,6.173084557364032221e-02,4.300997160404146924e-01,1.330248081419603823e-01,1.206837606837606880e-01,2.710309278350515605e-01,1.352257047112162547e-01,1.461366915912370446e-01
5.357265292129878009e-01,5.207981061887047014e-01,5.468772229335608914e-01,3.937183557882090179e-01,4.854202401372212927e-01,5.132935768418438460e-01,5.433458294283035617e-01,6.182902584493041864e-01,5.424452749599574242e-01,2.529486099410278577e-01,2.604381676625022179e-01,2.440690707289570605e-01,2.269707392922772626e-01,1.834112193172182104e-01,1.541625590644865040e-01,2.321056289089645508e-01,1.312121212121211966e-01,2.193597272210645877e-01,1.714977204930488441e-01,1.266254853999972396e-01,5.289087055039836116e-01,5.860874200426439140e-01,5.389151542880382673e-01,3.588725684795553983e-01,5.146272204979198683e-01,3.865393757701002242e-01,5.241880341880341687e-01,6.350515463917525416e-01,3.703922728168737022e-01,2.805981896890988314e-01
2.600029384396884691e-01,4.095366925938450642e-01,2.815478730971688881e-01,1.499184759289453051e-01,6.740994854202402298e-01,5.272704683811655357e-01,4.355670103092783019e-01,4.648608349900596459e-01,6.316070475173519716e-01,5.040016849199662197e-01,7.054137244251312833e-02,1.414800238784850728e-01,7.769872308344721867e-02,3.271958430924283567e-02,1.365876873916442857e-01,2.417741789286037835e-01,8.972222222222221710e-02,2.322409547262739016e-01,1.906343220577474962e-01,9.860702292608100605e-02,2.489584094729916930e-01,4.986673773987208014e-01,2.628742819378780959e-01,1.279525605398967592e-01,6.546258997556626547e-01,4.975308282640121815e-01,4.606837606837607679e-01,7.079037800687285609e-01,5.545042381233984408e-01,3.421225239407058027e-01
1.409961310544101121e-01,3.554277984443692251e-01,1.581306017925736551e-01,7.204153436883206640e-02,3.439559447503836020e-01,4.427879239657100952e-01,5.342080599812558672e-01,2.952783300198807415e-01,5.451147891083824026e-01,7.274641954507161667e-01,0.000000000000000000e+00,1.921112560525326529e-01,7.567261932808747038e-02,7.956697634283263487e-04,2.306829384369581959e-01,5.545668791733389114e-01,3.876262626262625965e-01,5.529456336427353014e-01,1.166207013001632348e-01,3.905725301604411337e-01,7.938016226883998216e-02,2.878464818763326605e-01,1.119414366326063615e-01,3.183306867804683304e-02,2.848180677540777528e-01,3.246402964946493164e-01,5.153846153846154410e-01,5.034364261168384758e-01,2.034299231224128146e-01,4.260789715335169814e-01
2.012341446691806590e-01,2.323300642543116856e-01,2.210129463650589710e-01,1.122457736205269008e-01,5.097950708675634823e-01,4.552118275562182514e-01,3.887066541705716527e-01,3.685387673956261878e-01,8.067271756540309591e-01,5.002106149957876724e-01,7.539380771319934005e-02,2.352251873797784332e-01,7.180888658530840130e-02,3.346669206833047250e-02,1.262535268722167481e-01,2.516693355893283579e-01,1.173989898989898778e-01,3.491191513544232294e-01,6.810097371531490529e-01,1.292165885880905973e-01,1.850010964110810341e-01,3.827292110874200848e-01,1.903309440292816901e-01,9.133088527193330974e-02,4.446278808690485307e-01,3.705309931988629568e-01,3.849572649572650107e-01,6.408934707903779504e-01,8.296865759905381887e-01,3.145743145743146729e-01
4.079044027621332447e-01,4.575583361515047631e-01,3.896713615023473798e-01,2.692010641036642893e-01,2.656856549607296003e-01,1.343334575723692526e-01,7.729615745079661260e-02,1.651590457256461308e-01,1.927389215162840230e-01,1.476411120471778915e-01,9.704870541372442871e-02,1.823829843684361962e-01,8.052584460255382548e-02,6.295877085831473596e-02,7.872998606248085562e-02,4.726259177568963021e-02,2.780303030303029818e-02,1.437961735177116784e-01,9.452918331738617563e-02,7.418155687298758072e-02,3.841824428038886352e-01,5.826226012793178644e-01,3.523460932336942575e-01,2.298531163159984181e-01,3.099121706398995646e-01,1.240019016018084619e-01,1.247008547008547075e-01,3.427835051546391787e-01,2.726197516262567344e-01,1.933621933621933464e-01
5.274009500954992546e-01,2.979370984105511599e-01,5.205576895717740626e-01,3.881403930318373385e-01,4.162679425837320091e-01,2.542551869797491371e-01,3.127928772258669055e-01,4.371272365805168869e-01,5.152162306460225105e-01,2.160909856781803029e-01,2.130001810610175073e-01,2.460589444825223016e-01,1.896527352400697586e-01,1.378376460128726555e-01,1.617432097086718146e-01,1.018068102849200990e-01,7.085858585858585690e-02,2.689903390793710880e-01,2.225755614341193844e-01,9.881431118112846135e-02,5.208683575762005358e-01,4.173773987206823577e-01,4.967210614610338970e-01,3.422489082969432106e-01,4.532127055405137939e-01,1.761989308340852489e-01,2.698290598290598585e-01,5.642611683848797188e-01,4.198698994677706464e-01,2.016922471467925138e-01
